,Entry Time,Exit Time,Dump Time,Duration,tspin
0,2001-03-24 23:25:54.000,2001-03-25 22:26:00,2001-03-26 16:20:29,0 days 23:00:06,4.00591887867387
1,2001-03-29 14:19:29.000,2001-03-30 13:19:35,2001-03-31 06:26:54,0 days 23:00:06,4.006390727395626
2,2001-03-31 22:25:54.000,2001-04-01 21:26:00,2001-04-02 01:36:54,0 days 23:00:06,4.006763416647301
3,2001-04-02 07:35:54.000,2001-04-02 18:55:00,2001-04-02 19:01:54,0 days 11:19:06,4.006390727395626
4,2001-04-03 05:00:54.000,2001-04-04 04:01:00,2001-04-04 12:41:54,0 days 23:00:06,4.006390727395626
5,2001-04-04 21:40:54.000,2001-04-05 03:33:38,2001-04-05 03:40:32,0 days 05:52:44,4.006390727395626
6,2001-04-05 23:39:32.000,2001-04-06 22:39:38,2001-04-07 08:18:44,0 days 23:00:06,4.006763416647301
7,2001-04-07 12:17:44.000,2001-04-07 15:45:00,2001-04-07 15:51:54,0 days 03:27:16,4.006763416647301
8,2001-04-20 03:20:54.000,2001-04-21 02:21:00,2001-04-21 19:36:12,0 days 23:00:06,4.007576456877609
9,2001-04-24 20:35:12.000,2001-04-25 19:35:18,2001-04-29 03:56:54,0 days 23:00:06,4.007576456877609
10,2001-05-11 22:55:54.000,2001-05-12 21:56:00,2001-05-13 01:57:53,0 days 23:00:06,4.007674161663029
11,2001-05-19 12:35:38.000,2001-05-20 11:35:44,2001-05-21 03:51:22,0 days 23:00:06,4.021953969809337
12,2001-05-21 15:50:22.000,2001-05-21 21:55:00,2001-05-21 22:01:54,0 days 06:04:38,4.019560252069303
13,2001-05-22 01:59:54.000,2001-05-23 01:00:00,2001-05-23 05:54:54,0 days 23:00:06,4.019560252069303
14,2001-05-24 05:00:54.000,2001-05-25 01:21:00,2001-05-25 01:27:54,0 days 20:20:06,4.019284796405473
15,2001-05-26 13:26:54.000,2001-05-27 05:22:40,2001-05-27 05:29:34,0 days 15:55:46,4.019284796405473
16,2001-05-31 10:18:34.000,2001-06-01 04:41:00,2001-06-01 04:47:54,0 days 18:22:26,4.0194415026226515
17,2001-06-02 20:53:54.000,2001-06-03 19:53:00,2001-06-04 13:58:26,0 days 22:59:06,4.0194977798304015
18,2001-06-06 03:04:26.000,2001-06-07 01:34:54,2001-06-07 01:41:48,0 days 22:30:28,4.01959229677293
19,2001-06-07 05:11:48.000,2001-06-07 13:21:00,2001-06-07 13:27:54,0 days 08:09:12,4.019591758202262
20,2001-06-07 21:34:54.000,2001-06-08 02:32:28,2001-06-08 02:39:22,0 days 04:57:34,4.019591758202262
21,2001-06-08 09:03:22.000,2001-06-08 11:56:00,2001-06-08 12:02:54,0 days 02:52:38,4.019591758202262
22,2001-06-08 19:44:54.000,2001-06-09 09:05:04,2001-06-09 09:11:58,0 days 13:20:10,4.019591758202262
23,2001-06-09 15:58:58.000,2001-06-09 21:41:00,2001-06-09 21:47:54,0 days 05:42:02,4.019591758202262
24,2001-06-10 02:43:54.000,2001-06-11 00:27:00,2001-06-11 00:33:54,0 days 21:43:06,4.019591758202262
25,2001-06-11 04:09:54.000,2001-06-11 16:42:23,2001-06-11 16:49:17,0 days 12:32:29,4.019591758202262
26,2001-06-12 00:50:17.000,2001-06-12 08:27:00,2001-06-12 08:33:54,0 days 07:36:43,4.019726136058351
27,2001-06-12 16:14:54.000,2001-06-12 20:47:07,2001-06-12 20:54:01,0 days 04:32:13,4.019726136058351
28,2001-06-13 04:17:01.000,2001-06-13 09:57:00,2001-06-13 10:03:54,0 days 05:39:59,4.019726136058351
29,2001-06-13 14:09:54.000,2001-06-14 13:10:00,2001-06-14 14:17:54,0 days 23:00:06,4.019726136058351
30,2001-06-14 22:24:54.000,2001-06-15 05:55:41,2001-06-15 06:02:35,0 days 07:30:47,4.019726136058351
31,2001-06-15 11:40:35.000,2001-06-15 18:29:00,2001-06-15 18:35:54,0 days 06:48:25,4.019726136058351
32,2001-06-15 20:49:54.000,2001-06-16 11:47:52,2001-06-16 11:54:46,0 days 14:57:58,4.019726136058351
33,2001-06-16 18:22:46.000,2001-06-16 23:24:00,2001-06-16 23:30:54,0 days 05:01:14,4.019726136058351
34,2001-06-17 03:45:54.000,2001-06-17 19:23:50,2001-06-17 19:30:44,0 days 15:37:56,4.019726136058351
35,2001-06-17 21:28:44.000,2001-06-18 06:13:00,2001-06-18 06:19:54,0 days 08:44:16,4.019726136058351
36,2001-06-18 08:07:54.000,2001-06-19 07:07:00,2001-06-19 08:38:54,0 days 22:59:06,4.019726136058351
37,2001-06-19 14:16:54.000,2001-06-20 00:46:39,2001-06-20 00:53:33,0 days 10:29:45,4.019851904635981
38,2001-06-20 06:43:33.000,2001-06-20 13:02:00,2001-06-20 13:08:54,0 days 06:18:27,4.019851904635981
39,2001-06-20 20:10:54.000,2001-06-21 07:41:08,2001-06-21 07:48:02,0 days 11:30:14,4.019851904635981
40,2001-06-21 11:43:02.000,2001-06-21 14:55:00,2001-06-21 15:01:54,0 days 03:11:58,4.019851904635981
41,2001-06-21 22:07:54.000,2001-06-22 21:08:12,2001-06-23 01:39:54,0 days 23:00:18,4.019851904635981
42,2001-06-23 03:17:54.000,2001-06-23 14:13:25,2001-06-23 14:20:19,0 days 10:55:31,4.019851904635981
43,2001-06-24 02:41:19.000,2001-06-24 21:28:25,2001-06-24 21:35:19,0 days 18:47:06,4.019851904635981
44,2001-06-25 01:17:19.000,2001-06-25 10:49:00,2001-06-25 10:55:54,0 days 09:31:41,4.019851904635981
45,2001-06-25 14:04:54.000,2001-06-26 05:54:00,2001-06-26 06:00:54,0 days 15:49:06,4.019851904635981
46,2001-06-26 09:00:54.000,2001-06-27 03:55:25,2001-06-27 04:02:19,0 days 18:54:31,4.020029125111011
47,2001-06-27 09:02:19.000,2001-06-27 16:24:00,2001-06-27 16:30:54,0 days 07:21:41,4.019726136058351
48,2001-06-28 20:05:54.000,2001-06-29 19:05:49,2001-06-30 01:20:51,0 days 22:59:55,4.020029125111011
49,2001-07-01 01:59:51.000,2001-07-01 22:46:57,2001-07-01 22:53:51,0 days 20:47:06,4.019851904635981
50,2001-07-02 05:22:51.000,2001-07-02 13:25:14,2001-07-02 13:32:08,0 days 08:02:23,4.019851904635981
51,2001-07-05 20:51:08.000,2001-07-06 20:13:11,2001-07-06 20:20:05,0 days 23:22:03,4.020273704254059
52,2001-07-06 22:18:05.000,2001-07-07 21:18:11,2001-07-07 22:26:23,0 days 23:00:06,4.020273704254059
53,2001-07-08 03:32:23.000,2001-07-08 07:45:00,2001-07-08 07:51:54,0 days 04:12:37,4.020273704254059
54,2001-07-08 13:23:54.000,2001-07-09 01:27:06,2001-07-09 01:34:00,0 days 12:03:12,4.020029125111011
55,2001-07-09 06:57:00.000,2001-07-10 05:56:06,2001-07-10 11:45:54,0 days 22:59:06,4.020029125111011
56,2001-07-10 18:09:54.000,2001-07-11 12:57:25,2001-07-11 13:04:19,0 days 18:47:31,4.020029125111011
57,2001-07-11 18:10:19.000,2001-07-12 15:19:00,2001-07-12 15:25:54,0 days 21:08:41,4.020273704254059
58,2001-07-12 22:29:54.000,2001-07-13 21:30:00,2001-07-13 22:19:16,0 days 23:00:06,4.0204116298447214
59,2001-07-16 15:10:16.000,2001-07-17 05:39:00,2001-07-17 05:45:54,0 days 14:28:44,4.0204116298447214
60,2001-07-17 19:57:54.000,2001-07-18 16:16:45,2001-07-18 16:23:39,0 days 20:18:51,4.0208965996282675
61,2001-07-18 21:29:39.000,2001-07-19 01:16:45,2001-07-19 01:23:39,0 days 03:47:06,4.0208965996282675
62,2001-07-19 06:29:39.000,2001-07-19 20:28:00,2001-07-19 20:34:54,0 days 13:58:21,4.02091438407734
63,2001-07-20 01:52:54.000,2001-07-20 23:01:49,2001-07-20 23:08:43,0 days 21:08:55,4.02091438407734
64,2001-07-21 04:55:43.000,2001-07-22 03:55:49,2001-07-22 07:10:54,0 days 23:00:06,4.021063132902771
65,2001-07-22 17:09:54.000,2001-07-23 10:32:17,2001-07-23 10:39:11,0 days 17:22:23,4.021063132902771
66,2001-07-23 15:45:11.000,2001-07-24 14:19:00,2001-07-24 14:25:54,0 days 22:33:49,4.021063132902771
67,2001-07-24 22:31:54.000,2001-07-25 15:34:50,2001-07-25 15:41:44,0 days 17:02:56,4.021063132902771
68,2001-07-28 07:04:44.000,2001-07-29 06:04:13,2001-07-29 08:03:54,0 days 22:59:29,4.02119760915675
69,2001-07-29 19:09:54.000,2001-07-30 13:54:26,2001-07-30 14:01:20,0 days 18:44:32,4.02119760915675
70,2001-07-30 19:07:20.000,2001-07-31 08:30:26,2001-07-31 08:37:20,0 days 13:23:06,4.02119760915675
71,2001-07-31 10:55:20.000,2001-07-31 16:45:00,2001-07-31 16:51:54,0 days 05:49:40,4.02119760915675
72,2001-08-01 01:41:54.000,2001-08-01 20:55:33,2001-08-01 21:02:27,0 days 19:13:39,4.02119760915675
73,2001-08-02 13:25:27.000,2001-08-03 08:09:00,2001-08-03 08:15:54,0 days 18:43:33,4.02119760915675
74,2001-08-03 18:47:54.000,2001-08-04 06:38:12,2001-08-04 06:45:06,0 days 11:50:18,4.02119760915675
75,2001-08-04 13:20:06.000,2001-08-05 12:02:00,2001-08-05 12:08:54,0 days 22:41:54,4.02119760915675
76,2001-08-05 19:14:54.000,2001-08-06 18:19:50,2001-08-06 18:26:44,0 days 23:04:56,4.021432627330621
77,2001-08-06 23:56:44.000,2001-08-07 11:11:50,2001-08-07 11:18:44,0 days 11:15:06,4.021432627330621
78,2001-08-07 13:36:44.000,2001-08-07 21:57:00,2001-08-07 22:03:54,0 days 08:20:16,4.021432627330621
79,2001-08-08 06:09:54.000,2001-08-09 00:56:18,2001-08-09 01:03:12,0 days 18:46:24,4.021432627330621
80,2001-08-09 09:38:12.000,2001-08-10 07:01:00,2001-08-10 07:07:54,0 days 21:22:48,4.02119760915675
81,2001-08-10 18:59:54.000,2001-08-11 14:56:40,2001-08-11 15:03:34,0 days 19:56:46,4.02119760915675
82,2001-08-11 18:09:34.000,2001-08-12 14:20:49,2001-08-12 14:27:43,0 days 20:11:15,4.02119760915675
83,2001-08-17 16:57:43.000,2001-08-18 15:56:49,2001-08-18 18:08:57,0 days 22:59:06,4.021432627330621
84,2001-08-18 21:44:57.000,2001-08-19 13:57:00,2001-08-19 14:03:54,0 days 16:12:03,4.021432627330621
85,2001-08-20 00:09:54.000,2001-08-20 21:35:25,2001-08-20 21:42:19,0 days 21:25:31,4.021755822178603
86,2001-08-21 06:36:19.000,2001-08-22 06:10:00,2001-08-22 06:16:54,0 days 23:33:41,4.021432627330621
87,2001-08-22 18:06:54.000,2001-08-23 11:50:03,2001-08-23 11:56:57,0 days 17:43:09,4.021432627330621
88,2001-08-23 15:50:57.000,2001-08-24 11:18:00,2001-08-24 11:24:54,0 days 19:27:03,4.021432627330621
89,2001-08-25 02:06:54.000,2001-08-25 16:59:14,2001-08-25 17:06:08,0 days 14:52:20,4.021755822178603
90,2001-08-26 01:01:08.000,2001-08-26 22:57:00,2001-08-26 23:03:54,0 days 21:55:52,4.021755822178603
91,2001-08-27 07:09:54.000,2001-08-27 23:08:39,2001-08-27 23:15:33,0 days 15:58:45,4.021755822178603
92,2001-08-28 10:16:33.000,2001-08-29 07:19:00,2001-08-29 07:25:54,0 days 21:02:27,4.021755822178603
93,2001-08-29 17:47:54.000,2001-08-30 12:10:50,2001-08-30 12:17:44,0 days 18:22:56,4.022002229127702
94,2001-08-30 19:11:44.000,2001-08-31 12:55:00,2001-08-31 13:01:54,0 days 17:43:16,4.022002229127702
95,2001-08-31 23:08:00.000,2001-09-01 14:26:07,2001-09-01 14:33:01,0 days 15:18:07,4.022002229127702
96,2001-09-01 16:51:01.000,2001-09-01 19:25:07,2001-09-01 19:32:01,0 days 02:34:06,4.022002229127702
97,2001-09-02 07:07:01.000,2001-09-02 23:05:00,2001-09-02 23:11:54,0 days 15:57:59,4.022501605816162
98,2001-09-03 08:00:00.000,2001-09-04 03:48:24,2001-09-04 03:55:18,0 days 19:48:24,4.021755822178603
99,2001-09-04 16:01:18.000,2001-09-05 06:25:00,2001-09-05 06:31:54,0 days 14:23:42,4.022417199212357
100,2001-09-05 17:08:00.000,2001-09-06 16:05:00,2001-09-06 16:11:54,0 days 22:57:00,4.022727336725207
101,2001-09-06 22:51:54.000,2001-09-07 14:47:00,2001-09-07 14:53:54,0 days 15:55:06,4.022727336725207
102,2001-09-07 22:59:54.000,2001-09-08 22:00:00,2001-09-08 22:57:38,0 days 23:00:06,4.022727336725207
103,2001-09-09 07:58:38.000,2001-09-10 04:07:00,2001-09-10 04:13:54,0 days 20:08:22,4.022727336725207
104,2001-09-10 16:09:54.000,2001-09-11 12:52:14,2001-09-11 12:59:08,0 days 20:42:20,4.022727336725207
105,2001-09-11 16:53:08.000,2001-09-12 08:02:00,2001-09-12 08:08:54,0 days 15:08:52,4.022727336725207
106,2001-09-12 23:19:54.000,2001-09-13 13:05:57,2001-09-13 13:12:51,0 days 13:46:03,4.022896718965665
107,2001-09-13 14:42:51.000,2001-09-13 18:12:57,2001-09-13 18:19:51,0 days 03:30:06,4.022896718965665
108,2001-09-14 02:12:51.000,2001-09-14 22:17:00,2001-09-14 22:23:54,0 days 20:04:09,4.022896718965665
109,2001-09-15 06:29:54.000,2001-09-16 03:09:04,2001-09-16 03:15:58,0 days 20:39:10,4.022896718965665
110,2001-09-16 11:09:58.000,2001-09-17 05:14:00,2001-09-17 05:20:54,0 days 18:04:02,4.022896718965665
111,2001-09-17 17:19:54.000,2001-09-18 14:32:18,2001-09-18 14:39:12,0 days 21:12:24,4.022896718965665
112,2001-09-18 20:31:12.000,2001-09-19 11:35:10,2001-09-19 11:42:04,0 days 15:03:58,4.022896718965665
113,2001-09-24 17:36:04.000,2001-09-25 14:48:06,2001-09-25 14:55:00,0 days 21:12:02,4.022896718965665
114,2001-09-25 23:52:00.000,2001-09-26 15:07:00,2001-09-26 15:13:54,0 days 15:15:00,4.022896718965665
115,2001-09-26 23:19:54.000,2001-09-27 22:20:00,2001-09-27 23:59:04,0 days 23:00:06,4.022896718965665
116,2001-09-28 09:00:04.000,2001-09-29 03:03:00,2001-09-29 03:09:54,0 days 18:02:56,4.022896718965665
117,2001-09-29 10:46:54.000,2001-09-30 09:44:04,2001-09-30 09:50:58,0 days 22:57:10,4.02312087567249
118,2001-09-30 18:56:58.000,2001-10-01 07:17:00,2001-10-01 07:23:54,0 days 12:20:02,4.02312087567249
119,2001-10-01 23:39:54.000,2001-10-02 18:11:21,2001-10-02 18:18:15,0 days 18:31:27,4.02342518611862
120,2001-10-03 03:19:15.000,2001-10-03 21:22:00,2001-10-03 21:28:54,0 days 18:02:45,4.02312087567249
121,2001-10-04 05:34:54.000,2001-10-05 04:01:22,2001-10-05 04:08:16,0 days 22:26:28,4.02312087567249
122,2001-10-05 12:02:16.000,2001-10-06 04:08:00,2001-10-06 04:14:54,0 days 16:05:44,4.02312087567249
123,2001-10-06 15:39:54.000,2001-10-07 14:36:19,2001-10-07 14:43:13,0 days 22:56:25,4.02312087567249
124,2001-10-07 21:32:13.000,2001-10-08 09:59:54,2001-10-08 10:06:48,0 days 12:27:41,4.02342518611862
125,2001-10-13 19:56:48.000,2001-10-14 15:29:38,2001-10-14 15:36:32,0 days 19:32:50,4.023628085326398
126,2001-10-15 00:55:32.000,2001-10-15 18:02:00,2001-10-15 18:08:54,0 days 17:06:28,4.023628085326398
127,2001-10-16 00:14:54.000,2001-10-16 23:15:00,2001-10-17 04:26:37,0 days 23:00:06,4.02342518611862
128,2001-10-17 10:32:37.000,2001-10-18 00:32:00,2001-10-18 00:38:54,0 days 13:59:23,4.02342518611862
129,2001-10-18 08:44:54.000,2001-10-19 07:45:00,2001-10-19 11:04:05,0 days 23:00:06,4.02342518611862
130,2001-10-19 19:10:05.000,2001-10-20 05:22:00,2001-10-20 05:28:54,0 days 10:11:55,4.023752209291447
131,2001-10-20 14:34:54.000,2001-10-21 11:23:42,2001-10-21 11:30:36,0 days 20:48:48,4.023752209291447
132,2001-10-21 13:51:36.000,2001-10-21 19:49:42,2001-10-21 19:56:36,0 days 05:58:06,4.023752209291447
133,2001-10-22 04:15:36.000,2001-10-23 03:15:42,2001-10-24 05:04:01,0 days 23:00:06,4.023752209291447
134,2001-10-24 13:10:01.000,2001-10-25 02:56:00,2001-10-25 03:02:54,0 days 13:45:59,4.023628085326398
135,2001-10-25 14:14:54.000,2001-10-26 13:15:00,2001-10-26 16:14:32,0 days 23:00:06,4.023628085326398
136,2001-10-26 22:30:32.000,2001-10-27 08:50:53,2001-10-27 08:58:59,0 days 10:20:21,4.023628085326398
137,2001-11-01 11:13:47.000,2001-11-02 10:12:53,2001-11-02 17:20:44,0 days 22:59:06,4.024356748494136
138,2001-11-03 01:52:32.000,2001-11-03 12:22:18,2001-11-03 12:30:24,0 days 10:29:46,4.024356748494136
139,2001-11-04 07:25:12.000,2001-11-05 01:31:01,2001-11-05 01:39:07,0 days 18:05:49,4.024356748494136
140,2001-11-05 11:44:55.000,2001-11-05 21:31:09,2001-11-05 21:39:15,0 days 09:46:14,4.024356748494136
141,2001-11-07 02:31:03.000,2001-11-07 12:04:37,2001-11-07 12:12:43,0 days 09:33:34,4.024356748494136
142,2001-11-07 19:31:31.000,2001-11-08 06:38:23,2001-11-08 06:46:29,0 days 11:06:52,4.024356748494136
143,2001-11-09 11:38:17.000,2001-11-09 19:00:21,2001-11-09 19:08:27,0 days 07:22:04,4.024181575365141
144,2001-11-10 03:12:15.000,2001-11-10 14:57:26,2001-11-10 15:05:32,0 days 11:45:11,4.024181575365141
145,2001-11-12 02:11:20.000,2001-11-12 04:53:14,2001-11-12 05:01:20,0 days 02:41:54,4.024356748494136
146,2001-11-12 15:07:08.000,2001-11-13 00:04:49,2001-11-13 00:12:55,0 days 08:57:41,4.024356748494136
147,2001-11-14 07:18:43.000,2001-11-14 14:26:51,2001-11-14 14:34:57,0 days 07:08:08,4.024356748494136
148,2001-11-14 21:01:45.000,2001-11-15 17:36:00,2001-11-15 17:44:06,0 days 20:34:15,4.024356748494136
149,2001-11-16 17:49:54.000,2001-11-17 16:50:00,2001-11-17 20:17:09,0 days 23:00:06,4.024500083307152
150,2001-11-21 23:50:57.000,2001-11-22 22:50:03,2001-11-22 23:53:05,0 days 22:59:06,4.024500083307152
151,2001-11-23 06:24:53.000,2001-11-23 17:41:00,2001-11-23 17:49:06,0 days 11:16:07,4.024500083307152
152,2001-11-24 02:39:54.000,2001-11-25 01:04:00,2001-11-25 01:12:06,0 days 22:24:06,4.0248963991666855
153,2001-11-25 13:53:54.000,2001-11-26 02:03:33,2001-11-26 02:11:39,0 days 12:09:39,4.025030861924134
154,2001-11-27 15:07:27.000,2001-11-28 10:34:00,2001-11-28 10:42:06,0 days 19:26:33,4.025030861924134
155,2001-11-28 17:15:54.000,2001-11-29 14:31:00,2001-11-29 14:39:06,0 days 21:15:06,4.025030861924134
156,2001-11-29 22:44:54.000,2001-11-30 02:00:36,2001-11-30 02:08:42,0 days 03:15:42,4.02518612628364
157,2001-11-30 07:17:30.000,2001-11-30 22:41:00,2001-11-30 22:49:06,0 days 15:23:30,4.02518612628364
158,2001-12-01 05:16:54.000,2001-12-01 22:52:00,2001-12-01 23:00:06,0 days 17:35:06,4.02518612628364
159,2001-12-02 07:17:54.000,2001-12-03 05:29:33,2001-12-03 05:37:39,0 days 22:11:39,4.0248963991666855
160,2001-12-05 03:49:27.000,2001-12-06 02:49:33,2001-12-06 15:39:06,0 days 23:00:06,4.0248963991666855
161,2001-12-06 23:44:54.000,2001-12-07 22:45:00,2001-12-08 11:51:21,0 days 23:00:06,4.02518612628364
162,2001-12-09 06:32:09.000,2001-12-10 05:32:15,2001-12-10 10:42:25,0 days 23:00:06,4.025444296673366
163,2001-12-10 22:30:13.000,2001-12-11 08:31:00,2001-12-11 08:39:06,0 days 10:00:47,4.025444296673366
164,2001-12-11 16:26:54.000,2001-12-12 03:41:19,2001-12-12 03:49:25,0 days 11:14:25,4.025444296673366
165,2001-12-12 06:05:13.000,2001-12-12 23:26:00,2001-12-12 23:34:06,0 days 17:20:47,4.02518612628364
166,2001-12-13 04:01:54.000,2001-12-13 17:36:00,2001-12-13 17:44:06,0 days 13:34:06,4.02518612628364
167,2001-12-14 01:13:54.000,2001-12-15 00:14:00,2001-12-15 05:17:54,0 days 23:00:06,4.02518612628364
168,2001-12-15 19:22:42.000,2001-12-16 00:22:48,2001-12-16 00:30:54,0 days 05:00:06,4.02518612628364
169,2001-12-17 06:25:42.000,2001-12-18 05:26:48,2001-12-18 21:07:43,0 days 23:01:06,4.025444296673366
170,2001-12-22 20:50:31.000,2001-12-23 04:27:00,2001-12-23 04:35:06,0 days 07:36:29,4.025444296673366
171,2001-12-23 10:52:54.000,2001-12-24 09:53:00,2001-12-24 10:34:06,0 days 23:00:06,4.025444296673366
172,2001-12-24 15:39:54.000,2001-12-25 14:40:00,2001-12-25 22:52:47,0 days 23:00:06,4.025444296673366
173,2001-12-28 03:58:35.000,2001-12-29 02:57:41,2001-12-29 05:11:47,0 days 22:59:06,4.025674679593197
174,2001-12-29 11:14:35.000,2001-12-29 20:06:58,2001-12-29 20:15:04,0 days 08:52:23,4.025674679593197
175,2001-12-29 22:35:52.000,2001-12-30 06:31:00,2001-12-30 06:39:06,0 days 07:55:08,4.025674679593197
176,2001-12-30 14:44:54.000,2001-12-31 00:47:56,2001-12-31 00:56:02,0 days 10:03:02,4.025674679593197
177,2001-12-31 03:55:50.000,2002-01-01 02:54:56,2002-01-01 09:48:50,0 days 22:59:06,4.025674679593197
178,2002-01-06 05:54:38.000,2002-01-07 04:54:44,2002-01-07 17:44:06,0 days 23:00:06,4.028837343347053
179,2002-01-08 01:49:54.000,2002-01-08 09:35:37,2002-01-08 09:43:43,0 days 07:45:43,4.028848975977384
180,2002-01-08 14:49:31.000,2002-01-09 00:41:00,2002-01-09 00:49:06,0 days 09:51:29,4.028848975977384
181,2002-01-09 07:41:54.000,2002-01-10 06:42:00,2002-01-10 18:09:31,0 days 23:00:06,4.028848975977384
182,2002-01-11 08:10:19.000,2002-01-12 01:51:24,2002-01-12 01:59:30,0 days 17:41:05,4.0480367021994335
183,2002-01-12 14:15:18.000,2002-01-13 10:11:00,2002-01-13 10:19:06,0 days 19:55:42,4.000934351535562
184,2002-01-13 18:24:54.000,2002-01-14 17:25:00,2002-01-15 07:17:21,0 days 23:00:06,4.000934351535562
185,2002-01-16 08:53:09.000,2002-01-17 06:41:00,2002-01-17 06:49:06,0 days 21:47:51,4.0009706354761665
186,2002-01-17 11:59:54.000,2002-01-17 21:22:33,2002-01-17 21:30:39,0 days 09:22:39,4.011344885605469
187,2002-01-18 11:36:27.000,2002-01-19 01:06:39,2002-01-19 01:14:45,0 days 13:30:12,4.011344885605469
188,2002-01-19 04:00:33.000,2002-01-19 23:01:00,2002-01-19 23:09:06,0 days 19:00:27,4.011344885605469
189,2002-01-20 07:19:54.000,2002-01-20 20:01:07,2002-01-20 20:09:13,0 days 12:41:13,4.014809561857811
190,2002-01-23 07:24:01.000,2002-01-23 23:54:32,2002-01-24 00:02:38,0 days 16:30:31,4.015353104128947
191,2002-01-26 03:57:26.000,2002-01-27 02:57:37,2002-01-27 10:51:53,0 days 23:00:11,4.015353104128947
192,2002-01-27 13:32:41.000,2002-01-27 16:30:05,2002-01-27 16:38:06,0 days 02:57:24,4.01544903863123
193,2002-01-28 04:19:54.000,2002-01-29 03:20:05,2002-01-29 08:09:06,0 days 23:00:11,4.01544903863123
194,2002-01-29 13:50:54.000,2002-01-29 18:13:50,2002-01-29 18:21:51,0 days 04:22:56,4.01544903863123
195,2002-01-29 21:07:39.000,2002-01-30 03:30:05,2002-01-30 03:38:06,0 days 06:22:26,4.01544903863123
196,2002-01-30 14:43:54.000,2002-01-31 13:44:05,2002-01-31 22:31:06,0 days 23:00:11,4.015561639875062
197,2002-02-01 03:44:54.000,2002-02-01 09:19:14,2002-02-01 09:27:15,0 days 05:34:20,4.011344885605469
198,2002-02-03 14:03:03.000,2002-02-04 00:32:05,2002-02-04 00:40:06,0 days 10:29:02,4.015679622654617
199,2002-02-04 09:59:54.000,2002-02-05 09:00:05,2002-02-05 22:31:40,0 days 23:00:11,4.015679622654617
200,2002-02-06 15:07:28.000,2002-02-07 14:07:39,2002-02-08 00:39:06,0 days 23:00:11,4.015353104128947
201,2002-02-08 05:14:54.000,2002-02-08 07:36:25,2002-02-08 07:44:26,0 days 02:21:31,4.015679622654617
202,2002-02-08 10:14:14.000,2002-02-08 15:30:05,2002-02-08 15:38:06,0 days 05:15:51,4.015825027826321
203,2002-02-09 06:49:54.000,2002-02-10 05:50:05,2002-02-10 06:59:06,0 days 23:00:11,4.015825027826321
204,2002-02-10 09:47:54.000,2002-02-10 14:45:58,2002-02-10 14:53:59,0 days 04:58:04,4.015825027826321
205,2002-02-10 18:48:47.000,2002-02-10 23:50:53,2002-02-10 23:58:54,0 days 05:02:06,4.015825027826321
206,2002-02-13 02:37:42.000,2002-02-13 12:38:34,2002-02-13 12:46:35,0 days 10:00:52,4.015875021685725
207,2002-02-14 08:52:23.000,2002-02-14 21:36:05,2002-02-14 21:44:06,0 days 12:43:42,4.01544903863123
208,2002-02-15 05:18:54.000,2002-02-15 18:40:05,2002-02-15 18:48:06,0 days 13:21:11,4.015561639875062
209,2002-02-16 10:53:54.000,2002-02-17 06:11:05,2002-02-17 06:19:06,0 days 19:17:11,4.015561639875062
210,2002-02-17 10:28:54.000,2002-02-17 17:46:21,2002-02-17 17:54:22,0 days 07:17:27,4.015561639875062
211,2002-02-22 00:46:10.000,2002-02-22 10:41:56,2002-02-22 10:49:57,0 days 09:55:46,4.015679622654617
212,2002-02-23 07:05:45.000,2002-02-23 19:36:13,2002-02-23 19:44:14,0 days 12:30:28,4.015825027826321
213,2002-02-23 23:49:02.000,2002-02-24 22:49:13,2002-02-25 01:53:06,0 days 23:00:11,4.015825027826321
214,2002-02-25 09:58:54.000,2002-02-26 08:59:05,2002-02-26 19:18:06,0 days 23:00:11,4.0161849576336
215,2002-02-27 01:19:54.000,2002-02-27 08:25:59,2002-02-27 08:34:00,0 days 07:06:05,4.016523173029207
216,2002-02-27 23:34:54.000,2002-02-28 22:35:05,2002-03-01 03:34:06,0 days 23:00:11,4.015875021685725
217,2002-03-02 08:50:54.000,2002-03-03 07:51:05,2002-03-03 16:05:06,0 days 23:00:11,4.015875021685725
218,2002-03-04 17:01:54.000,2002-03-05 16:02:05,2002-03-06 00:02:07,0 days 23:00:11,4.0161849576336
219,2002-03-06 04:33:55.000,2002-03-06 09:36:06,2002-03-06 09:44:07,0 days 05:02:11,4.0161849576336
220,2002-03-07 07:27:55.000,2002-03-08 06:28:06,2002-03-08 07:33:21,0 days 23:00:11,4.0168896821502145
221,2002-03-09 16:47:09.000,2002-03-10 15:47:20,2002-03-10 16:38:21,0 days 23:00:11,4.0168896821502145
222,2002-03-11 23:00:09.000,2002-03-12 22:00:20,2002-03-13 04:09:04,0 days 23:00:11,4.016523173029207
223,2002-03-14 07:00:52.000,2002-03-15 06:01:03,2002-03-16 03:59:06,0 days 23:00:11,4.016523173029207
224,2002-03-16 17:04:54.000,2002-03-17 16:05:05,2002-03-17 18:19:06,0 days 23:00:11,4.0168896821502145
225,2002-03-17 21:44:54.000,2002-03-18 08:30:35,2002-03-18 08:38:36,0 days 10:45:41,4.017164002728993
226,2002-03-19 02:39:24.000,2002-03-20 01:39:35,2002-03-20 03:44:06,0 days 23:00:11,4.017164002728993
227,2002-03-20 08:31:54.000,2002-03-20 19:43:05,2002-03-20 19:51:06,0 days 11:11:11,4.0168896821502145
228,2002-03-21 07:26:54.000,2002-03-21 20:45:31,2002-03-21 20:53:32,0 days 13:18:37,4.0168896821502145
229,2002-03-22 00:11:20.000,2002-03-22 23:11:31,2002-03-23 03:43:52,0 days 23:00:11,4.0168896821502145
230,2002-03-23 20:19:40.000,2002-03-24 19:19:51,2002-03-25 04:19:06,0 days 23:00:11,4.017164002728993
231,2002-03-25 09:14:54.000,2002-03-25 12:10:40,2002-03-25 12:18:41,0 days 02:55:46,4.017278583004073
232,2002-03-25 14:45:29.000,2002-03-26 00:21:05,2002-03-26 00:29:06,0 days 09:35:36,4.017278583004073
233,2002-03-26 04:04:54.000,2002-03-26 16:21:02,2002-03-26 16:29:03,0 days 12:16:08,4.017278583004073
234,2002-03-26 19:24:51.000,2002-03-27 06:31:05,2002-03-27 06:39:06,0 days 11:06:14,4.017278583004073
235,2002-03-27 13:44:54.000,2002-03-27 23:19:20,2002-03-27 23:27:21,0 days 09:34:26,4.017278583004073
236,2002-03-28 06:33:09.000,2002-03-29 05:33:20,2002-03-29 17:01:06,0 days 23:00:11,4.017164002728993
237,2002-03-29 22:49:54.000,2002-03-30 06:39:18,2002-03-30 06:47:19,0 days 07:49:24,4.017164002728993
238,2002-03-30 18:18:07.000,2002-03-31 17:18:18,2002-04-01 00:29:06,0 days 23:00:11,4.017164002728993
239,2002-04-01 03:36:54.000,2002-04-01 18:41:05,2002-04-01 18:49:06,0 days 15:04:11,4.017164002728993
240,2002-04-02 06:44:54.000,2002-04-02 18:46:21,2002-04-02 18:54:22,0 days 12:01:27,4.017521482524351
241,2002-04-02 21:10:10.000,2002-04-03 15:55:05,2002-04-03 16:03:06,0 days 18:44:55,4.017521482524351
242,2002-04-03 21:19:54.000,2002-04-04 06:36:05,2002-04-04 06:44:06,0 days 09:16:11,4.017521482524351
243,2002-04-04 17:19:54.000,2002-04-05 16:20:05,2002-04-05 18:14:06,0 days 23:00:11,4.017521482524351
244,2002-04-05 23:24:54.000,2002-04-06 08:50:27,2002-04-06 08:58:28,0 days 09:25:33,4.017278583004073
245,2002-04-07 02:25:16.000,2002-04-08 01:25:27,2002-04-08 02:34:07,0 days 23:00:11,4.017278583004073
246,2002-04-08 07:01:55.000,2002-04-08 12:02:06,2002-04-08 12:10:07,0 days 05:00:11,4.017278583004073
247,2002-04-09 11:39:55.000,2002-04-10 10:40:06,2002-04-10 16:34:05,0 days 23:00:11,4.017743426369092
248,2002-04-11 21:29:53.000,2002-04-12 20:11:02,2002-04-12 20:19:03,0 days 22:41:09,4.017743426369092
249,2002-04-14 04:04:51.000,2002-04-14 15:42:58,2002-04-14 15:50:59,0 days 11:38:07,4.01778674190642
250,2002-04-14 18:51:47.000,2002-04-15 13:41:24,2002-04-15 13:49:25,0 days 18:49:37,4.01778674190642
251,2002-04-16 08:00:13.000,2002-04-17 07:00:24,2002-04-18 05:33:47,0 days 23:00:11,4.017521482524351
252,2002-04-18 23:01:35.000,2002-04-19 22:01:46,2002-04-20 02:24:06,0 days 23:00:11,4.01794521478127
253,2002-04-20 05:54:54.000,2002-04-20 14:26:12,2002-04-20 14:34:13,0 days 08:31:18,4.017521482524351
254,2002-04-21 08:02:01.000,2002-04-21 19:50:57,2002-04-21 19:58:58,0 days 11:48:56,4.01794521478127
255,2002-04-21 23:34:46.000,2002-04-22 11:10:48,2002-04-22 11:18:49,0 days 11:36:02,4.01794521478127
256,2002-04-23 22:19:37.000,2002-04-24 15:51:05,2002-04-24 15:59:06,0 days 17:31:28,4.01794521478127
257,2002-04-24 20:19:54.000,2002-04-25 08:03:33,2002-04-25 08:11:34,0 days 11:43:39,4.0180773299072525
258,2002-04-26 02:10:22.000,2002-04-27 01:01:05,2002-04-27 01:09:06,0 days 22:50:43,4.01778674190642
259,2002-04-27 05:15:54.000,2002-04-27 19:13:01,2002-04-27 19:21:02,0 days 13:57:07,4.01778674190642
260,2002-04-28 10:24:50.000,2002-04-29 09:25:01,2002-04-29 17:39:06,0 days 23:00:11,4.0180773299072525
261,2002-04-29 22:14:54.000,2002-04-30 03:55:54,2002-04-30 04:03:55,0 days 05:41:00,4.018246589881546
262,2002-04-30 22:19:43.000,2002-05-01 21:19:54,2002-05-02 16:53:52,0 days 23:00:11,4.018246589881546
263,2002-05-03 08:34:40.000,2002-05-04 07:34:51,2002-05-04 12:56:06,0 days 23:00:11,4.01794521478127
264,2002-05-04 16:59:54.000,2002-05-05 01:33:50,2002-05-05 01:41:51,0 days 08:33:56,4.018246589881546
265,2002-05-05 15:47:39.000,2002-05-06 12:11:05,2002-05-06 12:19:06,0 days 20:23:26,4.018246589881546
266,2002-05-06 15:19:54.000,2002-05-06 18:40:23,2002-05-06 18:48:24,0 days 03:20:29,4.018373880623354
267,2002-05-08 00:54:12.000,2002-05-08 23:54:23,2002-05-09 05:53:47,0 days 23:00:11,4.018373880623354
268,2002-05-10 08:59:35.000,2002-05-11 07:59:46,2002-05-11 14:34:06,0 days 23:00:11,4.018373880623354
269,2002-05-11 19:09:54.000,2002-05-12 02:16:00,2002-05-12 02:24:01,0 days 07:06:06,4.018373880623354
270,2002-05-12 14:02:49.000,2002-05-13 13:03:00,2002-05-13 14:24:06,0 days 23:00:11,4.018373880623354
271,2002-05-13 17:44:54.000,2002-05-14 09:56:35,2002-05-14 10:04:36,0 days 16:11:41,4.018246589881546
272,2002-05-14 13:10:24.000,2002-05-14 20:56:35,2002-05-14 21:04:36,0 days 07:46:11,4.018246589881546
273,2002-05-15 10:10:24.000,2002-05-16 09:10:35,2002-05-16 23:02:52,0 days 23:00:11,4.018246589881546
274,2002-05-17 13:08:40.000,2002-05-18 12:08:51,2002-05-18 13:07:22,0 days 23:00:11,4.018373880623354
275,2002-05-26 11:00:21.000,2002-05-27 01:15:46,2002-05-27 01:23:47,0 days 14:15:25,4.018719732342549
276,2002-05-30 17:34:54.000,2002-05-31 01:48:16,2002-05-31 01:56:17,0 days 08:13:22,4.01850171770856
277,2002-05-31 23:50:05.000,2002-06-01 19:01:05,2002-06-01 19:09:06,0 days 19:11:00,4.018888777253089
278,2002-06-02 07:44:54.000,2002-06-02 11:24:05,2002-06-02 11:32:06,0 days 03:39:11,4.018888777253089
279,2002-06-16 18:26:54.000,2002-06-17 03:45:05,2002-06-17 03:53:06,0 days 09:18:11,4.0182726932452635
280,2002-06-19 08:41:54.000,2002-06-20 03:11:05,2002-06-20 03:19:06,0 days 18:29:11,4.0182726932452635
281,2002-06-22 18:16:54.000,2002-06-23 11:52:05,2002-06-23 12:00:06,0 days 17:35:11,4.086482223291518
282,2002-06-23 17:24:54.000,2002-06-24 03:17:05,2002-06-24 03:25:06,0 days 09:52:11,4.086482223291518
283,2002-06-24 13:44:54.000,2002-06-25 12:45:05,2002-06-26 02:08:06,0 days 23:00:11,4.086898079096599
284,2002-06-29 09:04:54.000,2002-06-29 18:32:05,2002-06-29 18:40:06,0 days 09:27:11,4.0023920963429145
285,2002-06-29 22:49:54.000,2002-06-30 17:05:05,2002-06-30 17:13:06,0 days 18:15:11,4.0003709677344075
286,2002-07-03 11:17:54.000,2002-07-03 22:02:05,2002-07-03 22:10:06,0 days 10:44:11,3.9986098166537434
287,2002-07-06 10:43:54.000,2002-07-06 20:50:05,2002-07-06 20:58:06,0 days 10:06:11,3.9992830618564446
288,2002-07-09 23:38:54.000,2002-07-10 07:15:05,2002-07-10 07:23:06,0 days 07:36:11,3.9994176847850955
289,2002-07-14 04:09:54.000,2002-07-14 14:46:05,2002-07-14 14:54:06,0 days 10:36:11,3.9994350131471426
290,2002-07-17 17:50:54.000,2002-07-18 04:26:05,2002-07-18 04:34:06,0 days 10:35:11,3.9995568491011197
291,2002-07-22 12:00:54.000,2002-07-22 22:36:05,2002-07-22 22:44:06,0 days 10:35:11,3.9995568491011197
292,2002-10-07 17:59:54.000,2002-10-08 06:00:05,2002-10-08 06:08:06,0 days 12:00:11,4.001503498247742
293,2002-10-16 04:29:54.000,2002-10-16 12:30:05,2002-10-16 12:38:06,0 days 08:00:11,4.001540593128355
294,2002-11-18 23:59:54.000,2002-11-19 22:00:05,2002-11-19 22:08:06,0 days 22:00:11,4.002188930532405
295,2003-01-15 08:59:54.000,2003-01-16 01:00:05,2003-01-16 01:08:06,0 days 16:00:11,4.010885007124669
296,2003-01-24 02:29:54.000,2003-01-24 10:30:05,2003-01-24 10:38:06,0 days 08:00:11,4.010748002497092
297,2003-04-25 05:59:54.000,2003-04-25 16:30:05,2003-04-25 16:38:06,0 days 10:30:11,4.013176864918273
298,2003-06-04 02:24:54.000,2003-06-04 11:00:05,2003-06-04 11:08:06,0 days 08:35:11,4.014058839680096
299,2003-06-04 18:35:54.000,2003-06-05 07:40:05,2003-06-05 07:48:06,0 days 13:04:11,4.014058839680096
300,2003-06-07 16:03:54.000,2003-06-08 11:03:05,2003-06-08 11:11:06,0 days 18:59:11,3.974796872974303
301,2003-06-09 02:59:54.000,2003-06-09 12:21:05,2003-06-09 12:29:06,0 days 09:21:11,3.9745704333957717
302,2003-06-14 11:43:54.000,2003-06-14 14:01:05,2003-06-14 14:09:06,0 days 02:17:11,4.025118618568556
303,2003-06-14 17:55:54.000,2003-06-15 05:31:05,2003-06-15 05:39:06,0 days 11:35:11,4.025118618568556
304,2003-06-18 04:50:54.000,2003-06-18 12:31:05,2003-06-18 12:39:06,0 days 07:40:11,4.033209446583165
305,2003-06-21 05:24:54.000,2003-06-21 11:28:05,2003-06-21 11:36:06,0 days 06:03:11,4.0336370370704016
306,2003-06-24 19:37:54.000,2003-06-25 05:33:05,2003-06-25 05:41:06,0 days 09:55:11,4.0338968351053905
307,2003-06-29 00:34:54.000,2003-06-29 09:32:05,2003-06-29 09:40:06,0 days 08:57:11,4.033832018057583
308,2003-07-02 14:24:54.000,2003-07-02 23:21:05,2003-07-02 23:29:06,0 days 08:56:11,4.032343155628419
309,2003-07-07 09:13:54.000,2003-07-07 17:19:05,2003-07-07 17:27:06,0 days 08:05:11,4.032489770077515
310,2003-07-12 03:20:54.000,2003-07-12 11:26:05,2003-07-12 11:34:06,0 days 08:05:11,4.032627451022564
311,2003-09-05 16:49:00.000,2003-09-06 09:16:00,2003-09-06 09:16:54,0 days 16:27:00,4.033899818366938
312,2003-09-08 01:31:54.000,2003-09-08 17:37:05,2003-09-08 17:45:06,0 days 16:05:11,4.033776694693795
313,2003-09-26 16:59:54.000,2003-09-27 04:20:05,2003-09-27 04:28:06,0 days 11:20:11,4.034382079920302
314,2003-09-29 18:59:54.000,2003-09-30 08:00:05,2003-09-30 08:08:06,0 days 13:00:11,4.034548104387746
315,2003-10-08 03:59:54.000,2003-10-08 13:10:05,2003-10-08 13:18:06,0 days 09:10:11,4.034872054207161
316,2004-01-07 12:59:54.000,2004-01-08 03:00:05,2004-01-08 03:08:06,0 days 14:00:11,4.037325613607886
317,2004-01-09 10:59:54.000,2004-01-10 04:00:05,2004-01-10 04:08:06,0 days 17:00:11,4.037325613607886
318,2004-01-16 00:39:54.000,2004-01-16 09:15:05,2004-01-16 09:23:06,0 days 08:35:11,4.0375910493604925
319,2004-05-02 02:18:54.000,2004-05-02 13:31:05,2004-05-02 13:39:06,0 days 11:12:11,4.085333910000911
320,2004-05-03 12:52:54.000,2004-05-04 06:20:05,2004-05-04 06:28:06,0 days 17:27:11,4.15113306906759
321,2004-05-07 02:44:54.000,2004-05-07 19:36:05,2004-05-07 19:44:06,0 days 16:51:11,4.150792766828525
322,2004-05-11 02:41:54.000,2004-05-11 13:03:05,2004-05-11 13:11:06,0 days 10:21:11,4.150791905374674
323,2004-05-12 15:11:54.000,2004-05-13 09:00:05,2004-05-13 09:08:06,0 days 17:48:11,4.181758458704194
324,2004-05-14 22:59:54.000,2004-05-15 16:48:05,2004-05-15 16:56:06,0 days 17:48:11,4.194504192826391
325,2004-05-19 02:44:54.000,2004-05-19 18:36:05,2004-05-19 18:44:06,0 days 15:51:11,4.195372923202999
326,2004-05-21 02:44:54.000,2004-05-21 19:36:05,2004-05-21 19:44:06,0 days 16:51:11,4.137910202245188
327,2004-05-23 09:26:54.000,2004-05-23 18:18:05,2004-05-23 18:26:06,0 days 08:51:11,4.137910202245188
328,2004-05-24 01:15:54.000,2004-05-24 12:13:05,2004-05-24 12:21:06,0 days 10:57:11,4.137830870438929
329,2004-05-27 14:02:54.000,2004-05-27 23:59:05,2004-05-28 00:07:06,0 days 09:56:11,4.138389967659862
330,2004-05-30 01:48:54.000,2004-05-30 10:58:05,2004-05-30 11:06:06,0 days 09:09:11,4.139217617503593
331,2004-06-03 03:25:54.000,2004-06-03 12:47:05,2004-06-03 12:55:06,0 days 09:21:11,4.139384101039606
332,2004-06-07 07:42:54.000,2004-06-07 16:52:05,2004-06-07 17:00:06,0 days 09:09:11,4.139384101039606
333,2004-06-13 06:26:54.000,2004-06-13 15:26:05,2004-06-13 15:34:06,0 days 08:59:11,4.139610003201988
334,2004-06-20 09:36:54.000,2004-06-20 18:46:05,2004-06-20 18:54:06,0 days 09:09:11,4.139745670584982
335,2004-08-21 23:14:54.000,2004-08-22 09:30:05,2004-08-22 09:38:06,0 days 10:15:11,4.141128842734627
336,2004-08-28 09:29:54.000,2004-08-28 17:30:05,2004-08-28 17:38:06,0 days 08:00:11,4.141128842734627
337,2004-12-15 18:29:54.000,2004-12-16 01:12:05,2004-12-16 01:20:06,0 days 06:42:11,4.144244862984013
338,2005-03-14 09:29:54.000,2005-03-14 23:00:05,2005-03-14 23:08:06,0 days 13:30:11,4.146789434671652
339,2005-03-23 08:05:54.000,2005-03-23 15:30:05,2005-03-23 15:38:06,0 days 07:24:11,4.146568479610908
340,2005-05-26 11:02:54.000,2005-05-26 20:46:05,2005-05-26 20:54:06,0 days 09:43:11,4.14809587189795
341,2005-05-30 14:19:54.000,2005-05-31 01:29:05,2005-05-31 01:37:06,0 days 11:09:11,4.1909766596127875
342,2005-06-01 01:48:54.000,2005-06-01 13:31:05,2005-06-01 13:39:06,0 days 11:42:11,4.1909766596127875
343,2005-06-01 21:42:54.000,2005-06-02 12:06:05,2005-06-02 12:14:06,0 days 14:23:11,4.196178624050649
344,2005-06-05 08:44:54.000,2005-06-05 19:17:00,2005-06-05 19:17:54,0 days 10:32:06,4.196363221813815
345,2005-06-06 05:44:54.000,2005-06-06 11:24:05,2005-06-06 11:32:06,0 days 05:39:11,4.139812507891517
346,2005-06-10 06:51:54.000,2005-06-10 13:14:05,2005-06-11 13:25:06,0 days 06:22:11,4.139812507891517
347,2005-06-11 19:13:54.000,2005-06-12 07:24:05,2005-06-12 16:06:06,0 days 12:10:11,4.185968925180619
348,2005-06-13 21:51:54.000,2005-06-14 09:00:05,2005-06-14 09:08:06,0 days 11:08:11,4.185968925180619
349,2005-06-15 15:24:54.000,2005-06-16 09:06:05,2005-06-16 09:14:06,0 days 17:41:11,4.241468198355087
350,2005-06-18 04:44:54.000,2005-06-18 13:06:05,2005-06-18 13:14:06,0 days 08:21:11,4.242070350918906
351,2005-06-20 04:44:54.000,2005-06-20 12:10:05,2005-06-20 12:18:06,0 days 07:25:11,4.137533545915209
352,2005-06-24 17:39:54.000,2005-06-25 05:52:05,2005-06-25 06:00:06,0 days 12:12:11,4.130055161705082
353,2005-06-29 12:25:54.000,2005-06-30 03:02:05,2005-06-30 03:10:06,0 days 14:36:11,4.1296094442516145
354,2005-06-30 04:45:54.000,2005-06-30 16:52:05,2005-06-30 17:00:06,0 days 12:06:11,4.129613423446087
355,2005-06-30 18:23:54.000,2005-07-01 06:09:05,2005-07-01 06:17:06,0 days 11:45:11,4.241468198355087
356,2005-07-01 08:00:54.000,2005-07-01 19:27:05,2005-07-01 19:35:06,0 days 11:26:11,4.130243938402368
357,2005-07-06 17:03:54.000,2005-07-07 04:51:05,2005-07-07 04:59:06,0 days 11:47:11,4.130355961649094
358,2005-07-13 20:22:54.000,2005-07-14 08:10:05,2005-07-14 08:18:06,0 days 11:47:11,4.130055161705082
359,2005-09-07 09:14:54.000,2005-09-07 23:16:05,2005-09-07 23:24:06,0 days 14:01:11,4.131818792200503
360,2005-09-09 17:50:54.000,2005-09-10 08:11:05,2005-09-10 08:19:06,0 days 14:20:11,4.132027933886176
361,2005-09-12 02:37:54.000,2005-09-12 16:46:05,2005-09-12 16:54:06,0 days 14:08:11,4.131818792200503
362,2005-09-14 11:11:54.000,2005-09-15 01:16:05,2005-09-15 01:24:06,0 days 14:04:11,4.131818792200503
363,2005-09-16 20:05:54.000,2005-09-17 09:31:05,2005-09-17 09:39:06,0 days 13:25:11,4.132292592486734
364,2005-10-05 17:59:54.000,2005-10-06 03:50:05,2005-10-06 03:58:06,0 days 09:50:11,4.13268195837053
365,2005-11-02 16:05:54.000,2005-11-03 04:08:05,2005-11-03 04:16:06,0 days 12:02:11,4.135041353514816
366,2005-11-14 14:49:54.000,2005-11-15 02:07:05,2005-11-15 02:15:06,0 days 11:17:11,4.134672057452096
367,2005-11-19 08:59:54.000,2005-11-20 00:02:05,2005-11-20 00:10:06,0 days 15:02:11,4.134816519584351
368,2006-01-06 10:59:54.000,2006-01-06 22:00:05,2006-01-06 22:08:06,0 days 11:00:11,4.135764464353708
369,2006-01-13 02:42:54.000,2006-01-13 13:00:05,2006-01-13 13:08:06,0 days 10:17:11,4.135993107781085
370,2006-04-07 05:59:54.000,2006-04-08 01:35:05,2006-04-08 01:43:06,0 days 19:35:11,4.138813600803703
371,2006-05-19 05:42:54.000,2006-05-19 14:29:05,2006-05-19 14:37:06,0 days 08:46:11,4.139748241210711
372,2006-06-14 09:02:54.000,2006-06-14 14:56:05,2006-06-14 15:36:06,0 days 05:53:11,4.14054814646637
373,2006-06-21 12:25:54.000,2006-06-21 23:47:05,2006-06-21 23:55:06,0 days 11:21:11,4.140683875348852
374,2006-06-28 15:38:54.000,2006-06-28 20:31:05,2006-06-28 21:51:06,0 days 04:52:11,4.14090277477754
375,2006-07-11 05:59:54.000,2006-07-11 10:05:05,2006-07-11 10:13:06,0 days 04:05:11,4.14151330067704
376,2006-07-12 10:59:54.000,2006-07-12 19:00:05,2006-07-12 19:08:06,0 days 08:00:11,4.14151330067704
377,2006-07-20 02:29:54.000,2006-07-20 11:00:05,2006-07-20 11:08:06,0 days 08:30:11,4.141667961513137
378,2006-10-16 19:59:54.000,2006-10-17 04:00:05,2006-10-17 22:48:06,0 days 08:00:11,4.143774327840093
379,2006-11-01 18:17:54.000,2006-11-02 05:48:05,2006-11-02 05:56:06,0 days 11:30:11,4.144180458614349
380,2006-11-23 03:40:54.000,2006-11-23 13:38:05,2006-11-23 13:46:06,0 days 09:57:11,4.145390736585498
381,2006-11-30 07:52:54.000,2006-11-30 16:56:05,2006-11-30 17:04:06,0 days 09:03:11,4.1456488030199115
382,2006-12-07 10:19:54.000,2006-12-07 20:10:05,2006-12-07 20:18:06,0 days 09:50:11,4.1459000261813586
383,2007-01-19 06:59:54.000,2007-01-19 14:55:05,2007-01-19 15:03:06,0 days 07:55:11,4.147123347889736
384,2007-04-18 08:59:54.000,2007-04-18 17:00:05,2007-04-18 17:08:06,0 days 08:00:11,4.149315611882976
385,2007-05-25 09:09:54.000,2007-05-25 17:11:05,2007-05-25 17:19:06,0 days 08:01:11,4.149043890868252
386,2007-06-20 09:07:54.000,2007-06-20 21:54:05,2007-06-20 22:02:06,0 days 12:46:11,4.1517922941351095
387,2007-06-27 12:29:54.000,2007-06-28 01:05:05,2007-06-28 01:13:06,0 days 12:35:11,4.151906351261103
388,2007-07-04 15:53:54.000,2007-07-05 04:21:05,2007-07-05 04:29:06,0 days 12:27:11,4.152093395528001
389,2007-07-25 05:14:54.000,2007-07-25 09:30:05,2007-07-25 19:33:06,0 days 04:15:11,4.152762410634283
390,2007-08-02 07:14:54.000,2007-08-02 15:55:05,2007-08-02 23:33:06,0 days 08:40:11,4.152915038349056
391,2007-10-24 18:19:54.000,2007-10-25 00:00:05,2007-10-25 00:20:06,0 days 05:40:11,4.155138465834235
392,2007-11-04 12:08:54.000,2007-11-04 21:37:05,2007-11-05 17:18:06,0 days 09:28:11,4.154321120575501
393,2007-11-16 09:28:54.000,2007-11-16 21:54:05,2007-11-16 22:02:06,0 days 12:25:11,4.168472425763327
394,2007-11-22 04:11:54.000,2007-11-22 14:01:05,2007-11-22 14:09:06,0 days 09:49:11,4.168623893482211
395,2007-11-23 13:39:54.000,2007-11-24 00:20:05,2007-11-24 00:28:06,0 days 10:40:11,4.1689454006422535
396,2007-11-29 07:53:54.000,2007-11-29 17:13:05,2007-11-29 17:21:06,0 days 09:19:11,4.169062429972779
397,2007-12-06 11:12:54.000,2007-12-06 20:28:05,2007-12-06 20:36:06,0 days 09:15:11,4.169296798063445
398,2008-01-28 11:44:54.000,2008-01-28 23:30:05,2008-01-28 23:38:06,0 days 11:45:11,4.170938982638467
399,2008-02-04 14:44:54.000,2008-02-04 22:00:05,2008-02-04 22:08:06,0 days 07:15:11,4.171153843346339
400,2008-04-25 07:59:54.000,2008-04-25 15:00:05,2008-04-25 15:08:06,0 days 07:00:11,4.173385527547579
401,2008-06-11 09:37:54.000,2008-06-11 19:11:05,2008-06-11 19:19:06,0 days 09:33:11,4.1751715491006784
402,2008-06-18 13:01:54.000,2008-06-18 21:30:05,2008-06-18 21:38:06,0 days 08:28:11,4.175335126315022
403,2008-07-28 20:46:54.000,2008-07-29 06:57:05,2008-07-29 07:05:06,0 days 10:10:11,4.176938745262916
404,2008-07-30 11:44:54.000,2008-07-30 22:45:05,2008-07-30 22:53:06,0 days 11:00:11,4.1771263069706075
405,2008-08-02 15:02:54.000,2008-08-03 02:07:05,2008-08-03 02:15:06,0 days 11:04:11,4.177275786810781
406,2008-08-09 18:28:54.000,2008-08-10 00:08:00,2008-08-10 00:08:54,0 days 05:39:06,4.177532893894006
407,2008-11-10 14:58:54.000,2008-11-10 23:52:05,2008-11-11 00:00:06,0 days 08:53:11,4.180214043679893
408,2008-11-11 10:49:54.000,2008-11-11 23:52:05,2008-11-12 00:00:06,0 days 13:02:11,4.1801983169685535
409,2008-11-27 07:32:54.000,2008-11-27 19:09:05,2008-11-27 19:17:06,0 days 11:36:11,4.180771544665482
410,2008-12-02 01:36:54.000,2008-12-02 12:45:05,2008-12-02 12:53:06,0 days 11:08:11,4.180915750157673
411,2008-12-06 19:47:54.000,2008-12-07 06:56:05,2008-12-07 07:04:06,0 days 11:08:11,4.181049768220022
412,2008-12-11 13:57:54.000,2008-12-12 01:06:05,2008-12-12 01:14:06,0 days 11:08:11,4.181049768220022
413,2009-02-11 10:54:54.000,2009-02-11 15:33:05,2009-02-11 15:41:06,0 days 04:38:11,4.182607921566621
414,2009-05-15 10:39:54.000,2009-05-15 18:00:05,2009-05-15 18:08:06,0 days 07:20:11,4.185253260137904
415,2009-05-20 01:49:54.000,2009-05-20 07:00:05,2009-05-20 07:08:06,0 days 05:10:11,4.185287709232996
416,2009-07-01 19:15:54.000,2009-07-02 03:39:05,2009-07-02 03:47:06,0 days 08:23:11,4.186556005757631
417,2009-07-23 03:08:54.000,2009-07-23 13:03:05,2009-07-23 13:11:06,0 days 09:54:11,4.187632455686997
418,2009-07-30 06:29:54.000,2009-07-30 10:00:05,2009-07-30 10:08:06,0 days 03:30:11,4.187632455686997
419,2009-08-06 09:53:54.000,2009-08-06 13:51:05,2009-08-06 13:59:06,0 days 03:57:11,4.187999872684804
420,2009-08-13 13:12:54.000,2009-08-13 20:51:05,2009-08-13 20:59:06,0 days 07:38:11,4.187999872684804
421,2009-08-28 04:59:54.000,2009-08-28 15:00:05,2009-08-28 15:08:06,0 days 10:00:11,4.188409164015869
422,2009-09-03 23:14:54.000,2009-09-04 08:55:05,2009-09-04 09:03:06,0 days 09:40:11,4.18858050542484
423,2009-11-19 13:59:54.000,2009-11-20 00:00:05,2009-11-20 00:08:06,0 days 10:00:11,4.190771752969092
424,2009-11-21 12:22:54.000,2009-11-21 20:55:05,2009-11-21 21:03:06,0 days 08:32:11,4.191804393639775
425,2009-11-28 13:02:54.000,2009-11-28 21:05:05,2009-11-28 21:13:06,0 days 08:02:11,4.197173119960244
426,2009-12-03 01:55:54.000,2009-12-03 10:01:05,2009-12-03 10:09:06,0 days 08:05:11,4.197403024774542
427,2009-12-07 14:30:54.000,2009-12-07 22:37:05,2009-12-07 22:45:06,0 days 08:06:11,4.197692570370993
428,2009-12-12 05:34:54.000,2009-12-12 14:36:05,2009-12-12 14:44:06,0 days 09:01:11,4.197855861161794
429,2010-01-13 13:59:54.000,2010-01-14 00:15:05,2010-01-14 00:23:06,0 days 10:15:11,4.198435117278737
430,2010-01-19 12:30:54.000,2010-01-19 21:31:05,2010-01-19 21:39:06,0 days 09:00:11,4.198534417590851
431,2010-07-14 15:59:54.000,2010-07-14 20:09:05,2010-07-14 20:17:06,0 days 04:09:11,4.202904459155544
432,2010-07-30 19:29:54.000,2010-07-31 03:40:05,2010-07-31 03:48:06,0 days 08:10:11,4.203513969537975
433,2010-09-02 17:20:54.000,2010-09-03 02:20:05,2010-09-03 02:28:06,0 days 08:59:11,4.2044435923438765
434,2010-09-07 05:54:54.000,2010-09-07 09:03:05,2010-09-07 09:11:06,0 days 03:08:11,4.2044435923438765
435,2010-10-14 09:59:54.000,2010-10-14 19:30:05,2010-10-14 19:38:06,0 days 09:30:11,4.205496541925331
436,2010-10-22 11:26:54.000,2010-10-22 16:30:05,2010-10-22 16:38:06,0 days 05:03:11,4.205666631105419
437,2011-08-05 16:06:54.000,2011-08-06 00:08:05,2011-08-06 20:29:06,0 days 08:01:11,4.213444680631427
438,2011-08-21 11:47:54.000,2011-08-21 15:05:05,2011-08-22 15:56:06,0 days 03:17:11,4.213891218819575
439,2011-08-26 00:47:54.000,2011-08-26 08:22:05,2011-08-27 04:28:06,0 days 07:34:11,4.214019960126943
440,2011-09-01 19:19:54.000,2011-09-02 03:36:05,2011-09-02 03:44:06,0 days 08:16:11,4.214207314978915
441,2011-11-11 07:44:54.000,2011-11-11 19:15:05,2011-11-12 01:52:06,0 days 11:30:11,4.21599409030055
442,2011-11-17 16:28:54.000,2011-11-17 20:51:05,2011-11-17 20:59:06,0 days 04:22:11,4.216085631509899
443,2012-03-13 09:52:54.000,2012-03-13 17:53:05,2012-03-14 03:35:06,0 days 08:00:11,4.218997767236065
444,2012-04-02 18:21:54.000,2012-04-03 03:22:05,2012-04-03 12:05:06,0 days 09:00:11,4.219662699855533
445,2012-05-24 02:44:54.000,2012-05-24 13:15:05,2012-05-24 13:23:06,0 days 10:30:11,4.221169884569999
446,2012-05-26 22:29:54.000,2012-05-27 11:30:05,2012-05-27 18:32:06,0 days 13:00:11,4.221169884569999
447,2012-05-28 18:29:54.000,2012-05-29 07:30:05,2012-05-29 07:38:06,0 days 13:00:11,4.221310950629376
448,2012-06-01 10:05:54.000,2012-06-01 12:07:05,2012-06-02 14:45:06,0 days 02:01:11,4.221310950629376
449,2012-06-28 13:16:54.000,2012-06-28 17:30:05,2012-06-29 17:53:06,0 days 04:13:11,4.222179234182538
450,2012-07-05 08:32:54.000,2012-07-05 16:34:05,2012-07-06 11:11:06,0 days 08:01:11,4.222285009164118
451,2012-08-11 17:29:54.000,2012-08-12 05:00:05,2012-08-12 05:08:06,0 days 11:30:11,4.2227268850041675
452,2012-08-13 22:30:54.000,2012-08-14 07:01:05,2012-08-14 07:09:06,0 days 08:30:11,4.22336623828359
453,2012-08-16 10:32:54.000,2012-08-16 19:03:05,2012-08-16 19:11:06,0 days 08:30:11,4.2227268850041675
454,2012-08-18 12:20:54.000,2012-08-18 15:51:05,2012-08-18 15:59:06,0 days 03:30:11,4.2227268850041675
455,2012-09-04 11:20:54.000,2012-09-04 20:15:05,2012-09-05 14:23:06,0 days 08:54:11,4.223950772388118
456,2012-09-13 11:24:54.000,2012-09-13 19:26:05,2012-09-14 15:43:06,0 days 08:01:11,4.22422941958947
457,2012-11-04 13:42:54.000,2012-11-05 10:40:05,2012-11-06 15:38:06,0 days 20:57:11,4.225972318754386
458,2012-11-06 11:39:54.000,2012-11-06 15:30:05,2012-11-06 15:38:06,0 days 03:50:11,4.225972318754386
459,2012-11-07 01:29:54.000,2012-11-07 16:50:05,2012-11-08 21:55:06,0 days 15:20:11,4.225972318754386
460,2012-11-08 17:49:54.000,2012-11-08 21:47:05,2012-11-08 21:55:06,0 days 03:57:11,4.225972318754386
461,2012-11-09 07:56:54.000,2012-11-09 23:10:05,2012-11-11 03:38:06,0 days 15:13:11,4.225972318754386
462,2012-11-11 00:09:54.000,2012-11-11 03:30:05,2012-11-11 03:38:06,0 days 03:20:11,4.225972318754386
463,2012-11-11 14:03:54.000,2012-11-12 05:10:05,2012-11-13 10:28:06,0 days 15:06:11,4.225972318754386
464,2012-11-13 06:09:54.000,2012-11-13 10:20:05,2012-11-13 10:28:06,0 days 04:10:11,4.226156570507752
465,2012-11-13 20:19:54.000,2012-11-14 11:20:05,2012-11-15 16:14:06,0 days 15:00:11,4.226156570507752
466,2012-11-15 12:19:54.000,2012-11-15 16:06:05,2012-11-15 16:14:06,0 days 03:46:11,4.226156570507752
467,2012-11-15 21:01:54.000,2012-11-16 17:45:05,2012-11-17 22:52:06,0 days 20:43:11,4.226693343676522
468,2012-11-17 18:44:54.000,2012-11-17 22:44:05,2012-11-17 22:52:06,0 days 03:59:11,4.226693343676522
469,2012-11-18 08:43:54.000,2012-11-18 23:55:05,2012-11-20 05:02:06,0 days 15:11:11,4.226693343676522
470,2012-11-20 00:54:54.000,2012-11-20 04:54:05,2012-11-20 05:02:06,0 days 03:59:11,4.2267877321994645
471,2012-11-20 14:53:54.000,2012-11-21 06:05:05,2012-11-22 11:12:06,0 days 15:11:11,4.2267877321994645
472,2012-11-22 07:04:54.000,2012-11-22 11:04:05,2012-11-22 11:12:06,0 days 03:59:11,4.2267877321994645
473,2012-11-22 15:30:54.000,2012-11-22 23:32:05,2012-11-23 19:30:06,0 days 08:01:11,4.226908031569085
474,2013-01-02 05:30:54.000,2013-01-02 10:28:05,2013-01-03 10:08:06,0 days 04:57:11,4.228022615129232
475,2013-01-09 01:15:54.000,2013-01-09 03:43:05,2013-01-10 04:56:06,0 days 02:27:11,4.228219858130539
476,2013-04-12 11:49:54.000,2013-04-12 20:00:05,2013-04-12 22:21:06,0 days 08:10:11,4.2307976259302205
477,2013-04-18 16:29:54.000,2013-04-19 00:31:05,2013-04-19 17:09:06,0 days 08:01:11,4.2307976259302205
478,2013-07-03 06:19:54.000,2013-07-03 14:25:05,2013-07-04 08:10:06,0 days 08:05:11,4.232602381713578
479,2013-07-09 06:04:54.000,2013-07-09 14:10:05,2013-07-09 22:50:06,0 days 08:05:11,4.2327086795924185
480,2013-07-15 18:13:54.000,2013-07-16 02:06:05,2013-07-16 21:42:06,0 days 07:52:11,4.232878289510815
481,2013-07-20 09:44:54.000,2013-07-20 17:18:05,2013-07-21 10:13:06,0 days 07:33:11,4.232915318835881
482,2013-08-22 00:59:54.000,2013-08-22 08:00:05,2013-08-23 02:19:06,0 days 07:00:11,4.2338729310297865
483,2013-08-24 09:59:54.000,2013-08-24 17:00:05,2013-08-25 07:36:06,0 days 07:00:11,4.2338729310297865
484,2013-08-26 11:59:54.000,2013-08-26 19:00:05,2013-08-27 13:52:06,0 days 07:00:11,4.2338729310297865
485,2013-08-28 22:59:54.000,2013-08-29 08:00:05,2013-08-29 16:38:06,0 days 09:00:11,4.2338729310297865
486,2013-08-31 03:59:54.000,2013-08-31 14:00:05,2013-09-01 02:25:06,0 days 10:00:11,4.2338729310297865
487,2013-09-04 16:59:54.000,2013-09-05 00:00:05,2013-09-05 14:30:06,0 days 07:00:11,4.2338729310297865
488,2013-09-06 22:59:54.000,2013-09-07 04:00:05,2013-09-08 00:48:06,0 days 05:00:11,4.2338729310297865
489,2013-09-13 17:59:54.000,2013-09-14 02:00:05,2013-09-14 14:08:06,0 days 08:00:11,4.234253587189069
490,2013-09-18 06:59:54.000,2013-09-18 11:00:05,2013-09-19 04:43:06,0 days 04:00:11,4.234253587189069
491,2013-10-01 20:29:54.000,2013-10-02 04:30:05,2013-10-02 14:55:06,0 days 08:00:11,4.234607712646296
492,2013-10-06 08:59:54.000,2013-10-06 13:00:05,2013-10-07 06:59:06,0 days 04:00:11,4.234983419334083
493,2013-10-08 14:59:54.000,2013-10-08 19:00:05,2013-10-09 11:15:06,0 days 04:00:11,4.234983419334083
494,2013-10-10 21:59:54.000,2013-10-11 08:00:05,2013-10-11 15:01:06,0 days 10:00:11,4.235273688679855
495,2013-10-15 09:45:54.000,2013-10-15 17:57:05,2013-10-16 07:06:06,0 days 08:11:11,4.235041410234909
496,2013-10-16 12:02:54.000,2013-10-16 19:46:05,2013-10-17 15:14:06,0 days 07:43:11,4.2351343783433295
497,2013-10-22 04:14:54.000,2013-10-22 11:15:05,2013-10-23 01:52:06,0 days 07:00:11,4.2351343783433295
498,2013-10-26 17:59:54.000,2013-10-27 01:00:05,2013-10-27 12:24:06,0 days 07:00:11,4.2351343783433295
499,2013-10-31 15:59:54.000,2013-10-31 23:00:05,2013-11-01 01:56:06,0 days 07:00:11,4.235455164601082
500,2013-11-01 07:53:54.000,2013-11-01 15:37:05,2013-11-02 11:05:06,0 days 07:43:11,4.235615127442953
501,2013-11-06 14:59:54.000,2013-11-06 22:00:05,2013-11-06 23:36:06,0 days 07:00:11,4.23563157290602
502,2013-11-11 13:59:54.000,2013-11-11 18:00:05,2013-11-12 10:18:06,0 days 04:00:11,4.23581547178195
503,2013-11-18 07:59:54.000,2013-11-18 12:00:05,2013-11-19 06:05:06,0 days 04:00:11,4.23581547178195
504,2013-11-26 23:59:54.000,2013-11-27 04:00:05,2013-11-27 08:01:06,0 days 04:00:11,4.23581547178195
505,2013-12-03 18:59:54.000,2013-12-03 23:00:05,2013-12-04 02:49:06,0 days 04:00:11,4.2362135254955104
506,2013-12-06 16:59:54.000,2013-12-06 21:00:05,2013-12-07 07:13:06,0 days 04:00:11,4.2362135254955104
507,2013-12-13 04:59:54.000,2013-12-13 09:00:05,2013-12-14 03:02:06,0 days 04:00:11,4.2362135254955104
508,2013-12-16 16:59:54.000,2013-12-17 03:00:05,2013-12-17 16:24:06,0 days 10:00:11,4.236594004372165
509,2013-12-21 23:59:54.000,2013-12-22 04:00:05,2013-12-22 04:56:06,0 days 04:00:11,4.236594004372165
510,2013-12-28 11:59:54.000,2013-12-28 22:00:05,2013-12-28 23:47:06,0 days 10:00:11,4.2369003514932535
511,2014-01-03 00:59:54.000,2014-01-03 08:00:05,2014-01-03 11:56:06,0 days 07:00:11,4.2369003514932535
512,2014-01-06 18:59:54.000,2014-01-06 23:00:05,2014-01-07 00:51:06,0 days 04:00:11,4.2369003514932535
513,2014-01-11 01:59:54.000,2014-01-11 12:00:05,2014-01-11 13:24:06,0 days 10:00:11,4.237263897007369
514,2014-01-13 20:59:54.000,2014-01-14 04:00:05,2014-01-14 19:17:06,0 days 07:00:11,4.237576925263622
515,2014-01-16 12:05:54.000,2014-01-16 20:17:05,2014-01-17 03:34:06,0 days 08:11:11,4.237255518301448
516,2014-01-18 09:59:54.000,2014-01-18 20:00:05,2014-01-19 08:21:06,0 days 10:00:11,4.237255518301448
517,2014-01-20 15:59:54.000,2014-01-20 23:00:05,2014-01-21 13:39:06,0 days 07:00:11,4.237255518301448
518,2014-01-22 21:59:54.000,2014-01-23 08:00:05,2014-01-23 19:56:06,0 days 10:00:11,4.237255518301448
519,2014-01-23 22:21:54.000,2014-01-24 06:37:05,2014-01-25 03:04:06,0 days 08:15:11,4.23746170393985
520,2014-01-27 10:59:54.000,2014-01-27 18:00:05,2014-01-28 08:00:06,0 days 07:00:11,4.23746170393985
521,2014-03-06 09:59:54.000,2014-03-06 17:00:05,2014-03-06 20:18:06,0 days 07:00:11,4.238292934278275
522,2014-03-07 23:23:54.000,2014-03-08 07:07:05,2014-03-09 02:35:06,0 days 07:43:11,4.2387863789425575
523,2014-03-08 14:59:54.000,2014-03-09 01:00:05,2014-03-09 02:35:06,0 days 10:00:11,4.2387863789425575
524,2014-03-13 08:59:54.000,2014-03-13 19:00:05,2014-03-13 19:39:06,0 days 10:00:11,4.2387863789425575
525,2014-03-17 00:00:54.000,2014-03-17 03:33:05,2014-03-18 01:45:06,0 days 03:32:11,4.2387863789425575
526,2014-03-18 02:59:54.000,2014-03-18 13:00:05,2014-03-19 03:54:06,0 days 10:00:11,4.2387863789425575
527,2014-03-22 04:59:54.000,2014-03-22 15:00:05,2014-03-22 16:19:06,0 days 10:00:11,4.238991515658482
528,2014-03-24 14:29:54.000,2014-03-24 21:30:05,2014-03-24 22:35:06,0 days 07:00:11,4.2387863789425575
529,2014-03-28 22:59:54.000,2014-03-29 09:00:05,2014-03-29 11:09:06,0 days 10:00:11,4.2387863789425575
530,2014-03-31 11:59:54.000,2014-03-31 16:00:05,2014-03-31 17:27:06,0 days 04:00:11,4.238991515658482
531,2014-04-02 11:59:54.000,2014-04-02 22:00:05,2014-04-02 23:44:06,0 days 10:00:11,4.238991515658482
532,2014-04-06 23:59:54.000,2014-04-07 10:00:05,2014-04-07 12:16:06,0 days 10:00:11,4.238991515658482
533,2014-04-09 11:59:54.000,2014-04-09 16:00:05,2014-04-09 18:33:06,0 days 04:00:11,4.238991515658482
534,2014-04-13 22:59:54.000,2014-04-14 06:00:05,2014-04-14 07:08:06,0 days 07:00:11,4.239315582282713
535,2014-04-20 14:29:54.000,2014-04-21 00:30:05,2014-04-21 01:56:06,0 days 10:00:11,4.239315582282713
536,2014-04-27 10:59:54.000,2014-04-27 21:00:05,2014-04-27 22:48:06,0 days 10:00:11,4.2396265171680145
537,2014-05-04 06:59:54.000,2014-05-04 17:00:05,2014-05-04 17:35:06,0 days 10:00:11,4.239981541947021
538,2014-05-08 22:59:54.000,2014-05-09 06:00:05,2014-05-09 06:38:06,0 days 07:00:11,4.239981541947021
539,2014-05-11 06:59:54.000,2014-05-11 11:00:05,2014-05-11 12:25:06,0 days 04:00:11,4.239981541947021
540,2014-05-15 15:29:54.000,2014-05-16 01:30:05,2014-05-16 02:28:06,0 days 10:00:11,4.240357603491228
541,2014-05-17 18:29:54.000,2014-05-18 06:30:05,2014-05-18 07:12:06,0 days 12:00:11,4.240357603491228
542,2014-05-19 11:25:54.000,2014-05-19 19:37:05,2014-05-20 11:28:06,0 days 08:11:11,4.2402200561136585
543,2014-05-24 10:59:54.000,2014-05-24 23:00:05,2014-05-25 00:03:06,0 days 12:00:11,4.2407714981140225
544,2014-05-26 02:49:54.000,2014-05-26 11:05:05,2014-05-27 06:18:06,0 days 08:15:11,4.2407714981140225
545,2014-05-26 21:59:54.000,2014-05-27 05:00:05,2014-05-27 06:18:06,0 days 07:00:11,4.2407714981140225
546,2014-05-31 11:59:54.000,2014-05-31 16:00:05,2014-05-31 18:49:06,0 days 04:00:11,4.2402200561136585
547,2014-06-02 20:59:54.000,2014-06-03 07:00:05,2014-06-04 00:14:06,0 days 10:00:11,4.2402200561136585
548,2014-06-06 10:06:54.000,2014-06-06 18:22:05,2014-06-07 13:39:06,0 days 08:15:11,4.2402200561136585
549,2014-06-07 05:29:54.000,2014-06-07 12:30:05,2014-06-07 13:39:06,0 days 07:00:11,4.2402200561136585
550,2014-06-11 15:59:54.000,2014-06-11 23:00:05,2014-06-12 02:11:06,0 days 07:00:11,4.2407714981140225
551,2014-06-14 01:59:54.000,2014-06-14 06:00:05,2014-06-14 08:26:06,0 days 04:00:11,4.2407714981140225
552,2014-06-15 23:59:54.000,2014-06-16 12:00:05,2014-06-16 14:41:06,0 days 12:00:11,4.2407714981140225
553,2014-06-18 06:59:54.000,2014-06-18 19:00:05,2014-06-18 20:59:06,0 days 12:00:11,4.241021792207745
554,2014-06-20 21:59:54.000,2014-06-21 03:00:05,2014-06-21 06:45:06,0 days 05:00:11,4.2407714981140225
555,2014-06-27 07:59:54.000,2014-06-27 15:00:05,2014-06-27 22:03:06,0 days 07:00:11,4.241021792207745
556,2014-06-29 17:59:54.000,2014-06-30 03:00:05,2014-06-30 04:19:06,0 days 09:00:11,4.241021792207745
557,2014-07-03 22:59:54.000,2014-07-04 11:00:05,2014-07-04 16:53:06,0 days 12:00:11,4.241021792207745
558,2014-07-11 01:59:54.000,2014-07-11 06:00:05,2014-07-11 11:41:06,0 days 04:00:11,4.2413632589787005
559,2014-07-15 11:59:54.000,2014-07-15 16:00:05,2014-07-16 00:14:06,0 days 04:00:11,4.2413632589787005
560,2014-07-22 09:59:54.000,2014-07-22 17:00:05,2014-07-22 19:04:06,0 days 07:00:11,4.241798641394313
561,2014-07-24 14:44:54.000,2014-07-25 00:45:05,2014-07-25 01:20:06,0 days 10:00:11,4.241798641394313
562,2014-07-31 10:59:54.000,2014-07-31 18:00:05,2014-07-31 20:12:06,0 days 07:00:11,4.241798641394313
563,2014-08-04 19:59:54.000,2014-08-05 06:00:05,2014-08-05 08:46:06,0 days 10:00:11,4.242189422242082
564,2014-08-07 04:59:54.000,2014-08-07 14:00:05,2014-08-07 15:02:06,0 days 09:00:11,4.242460881859131
565,2014-08-09 13:59:54.000,2014-08-10 03:00:05,2014-08-10 22:28:06,0 days 13:00:11,4.242460881859131
566,2014-08-11 04:59:54.000,2014-08-11 18:00:05,2014-08-12 03:36:06,0 days 13:00:11,4.242460881859131
567,2014-08-29 18:59:54.000,2014-08-29 23:00:05,2014-08-30 05:54:06,0 days 04:00:11,4.242683174664053
568,2014-08-31 21:59:54.000,2014-09-01 07:00:05,2014-09-01 12:12:06,0 days 09:00:11,4.243137732462953
569,2014-09-03 09:59:54.000,2014-09-03 17:00:05,2014-09-03 18:28:06,0 days 07:00:11,4.243299176425135
570,2014-09-05 03:59:54.000,2014-09-05 13:00:05,2014-09-06 00:44:06,0 days 09:00:11,4.243299176425135
571,2014-09-07 12:59:54.000,2014-09-07 22:00:05,2014-09-08 07:02:06,0 days 09:00:11,4.243137732462953
572,2014-09-14 04:59:54.000,2014-09-14 14:00:05,2014-09-15 01:54:06,0 days 09:00:11,4.2436079947311365
573,2014-09-16 09:59:54.000,2014-09-16 19:00:05,2014-09-17 09:40:06,0 days 09:00:11,4.243299176425135
574,2014-09-21 03:59:54.000,2014-09-21 13:00:05,2014-09-21 20:45:06,0 days 09:00:11,4.2436079947311365
575,2014-09-25 17:59:54.000,2014-09-26 03:00:05,2014-09-26 09:21:06,0 days 09:00:11,4.243977795508174
576,2014-09-28 04:59:54.000,2014-09-28 09:00:05,2014-09-28 15:38:06,0 days 04:00:11,4.2436079947311365
577,2014-09-30 05:59:54.000,2014-09-30 10:00:05,2014-09-30 21:54:06,0 days 04:00:11,4.2436079947311365
578,2014-10-02 16:59:54.000,2014-10-03 02:00:05,2014-10-03 04:10:06,0 days 09:00:11,4.243977795508174
579,2014-10-04 22:59:54.000,2014-10-05 08:00:05,2014-10-05 10:27:06,0 days 09:00:11,4.243977795508174
580,2014-10-07 09:59:54.000,2014-10-07 14:00:05,2014-10-07 16:46:06,0 days 04:00:11,4.243977795508174
581,2014-10-09 09:59:54.000,2014-10-09 22:00:05,2014-10-09 23:03:06,0 days 12:00:11,4.243977795508174
582,2014-10-15 14:25:54.000,2014-10-15 22:41:05,2014-10-16 17:51:06,0 days 08:15:11,4.244758731097294
583,2014-10-16 08:29:54.000,2014-10-16 15:00:05,2014-10-16 17:51:06,0 days 06:30:11,4.244758731097294
584,2014-10-20 19:59:54.000,2014-10-21 05:00:05,2014-10-21 06:24:06,0 days 09:00:11,4.244324542276125
585,2014-10-24 15:28:54.000,2014-10-24 23:44:05,2014-10-25 18:56:06,0 days 08:15:11,4.244324542276125
586,2014-10-27 17:59:54.000,2014-10-27 22:00:05,2014-10-28 01:11:06,0 days 04:00:11,4.244758731097294
587,2014-11-01 01:59:54.000,2014-11-01 15:00:05,2014-11-02 12:50:06,0 days 13:00:11,4.245054246486952
588,2014-11-04 13:55:54.000,2014-11-04 22:03:05,2014-11-06 02:14:06,0 days 08:07:11,4.244758731097294
589,2014-11-05 13:59:54.000,2014-11-05 23:00:05,2014-11-06 02:14:06,0 days 09:00:11,4.244758731097294
590,2014-11-13 23:47:54.000,2014-11-14 02:20:05,2014-11-15 03:14:06,0 days 02:32:11,4.245442022687076
591,2014-11-17 02:59:54.000,2014-11-17 07:00:05,2014-11-17 09:31:06,0 days 04:00:11,4.245442022687076
592,2014-11-20 18:36:54.000,2014-11-21 02:52:05,2014-11-21 23:04:06,0 days 08:15:11,4.245835277866921
593,2014-12-01 00:59:54.000,2014-12-01 10:00:05,2014-12-01 22:16:06,0 days 09:00:11,4.245835277866921
594,2014-12-02 17:59:54.000,2014-12-03 03:00:05,2014-12-03 05:24:06,0 days 09:00:11,4.245835277866921
595,2014-12-07 18:59:54.000,2014-12-07 23:00:05,2014-12-08 19:02:06,0 days 04:00:11,4.245835277866921
596,2014-12-16 19:59:54.000,2014-12-17 05:00:05,2014-12-17 19:08:06,0 days 09:00:11,4.246399902162946
597,2014-12-19 01:59:54.000,2014-12-19 11:00:05,2014-12-20 00:24:06,0 days 09:00:11,4.246399902162946
598,2014-12-21 08:59:54.000,2014-12-21 13:00:05,2014-12-22 05:39:06,0 days 04:00:11,4.246399902162946
599,2014-12-25 13:59:54.000,2014-12-26 02:00:05,2014-12-26 19:12:06,0 days 12:00:11,4.246399902162946
600,2014-12-27 14:59:54.000,2014-12-28 04:00:05,2014-12-29 01:29:06,0 days 13:00:11,4.246399902162946
601,2015-01-01 16:59:54.000,2015-01-01 21:00:05,2015-01-02 10:30:06,0 days 04:00:11,4.246399902162946
602,2015-01-03 16:59:54.000,2015-01-04 05:00:05,2015-01-04 20:16:06,0 days 12:00:11,4.246399902162946
603,2015-01-05 21:59:54.000,2015-01-06 11:00:05,2015-01-07 02:32:06,0 days 13:00:11,4.246822792612991
604,2015-01-08 07:59:54.000,2015-01-08 20:00:05,2015-01-09 06:19:06,0 days 12:00:11,4.246822792612991
605,2015-01-10 12:59:54.000,2015-01-11 01:00:05,2015-01-11 17:06:06,0 days 12:00:11,4.247102962587907
606,2015-01-12 19:59:54.000,2015-01-13 05:00:05,2015-01-13 21:23:06,0 days 09:00:11,4.246822792612991
607,2015-01-15 12:59:54.000,2015-01-15 17:00:05,2015-01-16 03:40:06,0 days 04:00:11,4.247102962587907
608,2015-01-19 12:59:54.000,2015-01-20 02:00:05,2015-01-20 17:11:06,0 days 13:00:11,4.247341376665276
609,2015-01-21 17:59:54.000,2015-01-22 07:00:05,2015-01-22 22:29:06,0 days 13:00:11,4.247501637234902
610,2015-01-23 02:19:54.000,2015-01-23 10:35:05,2015-01-23 23:37:06,0 days 08:15:11,4.247501637234902
611,2015-01-24 00:59:54.000,2015-01-24 14:00:05,2015-01-25 04:17:06,0 days 13:00:11,4.247501637234902
612,2015-01-26 06:59:54.000,2015-01-26 16:00:05,2015-01-27 10:03:06,0 days 09:00:11,4.247501637234902
613,2015-01-28 12:59:54.000,2015-01-28 22:00:05,2015-01-29 17:19:06,0 days 09:00:11,4.247501637234902
614,2015-01-31 00:59:54.000,2015-01-31 14:00:05,2015-01-31 23:35:06,0 days 13:00:11,4.247501637234902
615,2015-02-02 00:59:54.000,2015-02-02 14:00:05,2015-02-03 05:52:06,0 days 13:00:11,4.247881439929858
616,2015-02-04 05:59:54.000,2015-02-04 19:00:05,2015-02-05 11:10:06,0 days 13:00:11,4.247501637234902
617,2015-03-06 09:59:54.000,2015-03-07 00:00:05,2015-03-08 04:02:06,0 days 14:00:11,4.248912030666948
618,2015-03-08 04:59:54.000,2015-03-08 17:00:05,2015-03-09 04:11:06,0 days 12:00:11,4.248912030666948
619,2015-03-10 13:59:54.000,2015-03-10 19:00:05,2015-03-11 09:03:06,0 days 05:00:11,4.248774830371206
620,2015-03-12 18:59:54.000,2015-03-13 04:00:05,2015-03-13 16:55:06,0 days 09:00:11,4.248774830371206
621,2015-03-15 00:59:54.000,2015-03-15 13:00:05,2015-03-15 23:17:06,0 days 12:00:11,4.248915039544652
622,2015-03-17 05:59:54.000,2015-03-17 11:00:05,2015-03-18 08:56:06,0 days 05:00:11,4.248915039544652
623,2015-03-19 13:59:54.000,2015-03-19 21:00:05,2015-03-20 08:16:06,0 days 07:00:11,4.252061647523649
624,2015-03-20 08:55:54.000,2015-03-20 17:03:05,2015-03-21 18:58:06,0 days 08:07:11,4.252061647523649
625,2015-03-21 19:29:54.000,2015-03-22 11:30:05,2015-03-22 18:04:06,0 days 16:00:11,4.252061647523649
626,2015-03-24 02:59:54.000,2015-03-24 10:00:05,2015-03-24 23:15:06,0 days 07:00:11,4.252061647523649
627,2015-03-26 08:59:54.000,2015-03-26 16:00:05,2015-03-27 09:31:06,0 days 07:00:11,4.251982096887649
628,2015-03-28 09:59:54.000,2015-03-29 01:00:05,2015-03-29 12:49:06,0 days 15:00:11,4.251982096887649
629,2015-03-30 18:59:54.000,2015-03-31 07:00:05,2015-03-31 19:06:06,0 days 12:00:11,4.251982096887649
630,2015-04-03 05:00:54.000,2015-04-03 14:06:05,2015-04-04 08:33:06,0 days 09:05:11,4.252394346073176
631,2015-04-04 09:59:54.000,2015-04-04 19:00:05,2015-04-05 10:12:06,0 days 09:00:11,4.252394346073176
632,2015-04-08 19:59:54.000,2015-04-09 08:00:05,2015-04-09 20:16:06,0 days 12:00:11,4.252061647523649
633,2015-04-13 04:59:54.000,2015-04-13 20:00:05,2015-04-14 10:50:06,0 days 15:00:11,4.251982096887649
634,2015-04-15 08:59:54.000,2015-04-16 02:00:05,2015-04-16 15:09:06,0 days 17:00:11,4.251982096887649
635,2015-04-19 21:59:54.000,2015-04-20 13:00:05,2015-04-21 00:42:06,0 days 15:00:11,4.252394346073176
636,2015-04-22 09:59:54.000,2015-04-22 19:00:05,2015-04-23 10:58:06,0 days 09:00:11,4.252394346073176
637,2015-04-26 15:59:54.000,2015-04-27 07:00:05,2015-04-27 21:32:06,0 days 15:00:11,4.252816019847609
638,2015-05-01 00:59:54.000,2015-05-01 18:00:05,2015-05-02 11:07:06,0 days 17:00:11,4.252394346073176
639,2015-05-05 18:29:54.000,2015-05-06 06:30:05,2015-05-06 21:40:06,0 days 12:00:11,4.252816019847609
640,2015-05-08 02:59:54.000,2015-05-08 20:00:05,2015-05-09 08:26:06,0 days 17:00:11,4.252816019847609
641,2015-05-12 04:59:54.000,2015-05-12 20:00:05,2015-05-13 18:32:06,0 days 15:00:11,4.252816019847609
642,2015-05-17 04:59:54.000,2015-05-17 20:00:05,2015-05-18 08:34:06,0 days 15:00:11,4.253213054358473
643,2015-05-21 11:59:54.000,2015-05-22 03:00:05,2015-05-22 19:06:06,0 days 15:00:11,4.253521206638896
644,2015-05-25 23:59:54.000,2015-05-26 15:00:05,2015-05-27 09:11:06,0 days 15:00:11,4.253213054358473
645,2015-05-29 18:12:54.000,2015-05-30 02:28:05,2015-05-30 06:06:06,0 days 08:15:11,4.2538390542978455
646,2015-05-30 07:29:54.000,2015-05-30 19:30:05,2015-05-31 19:14:06,0 days 12:00:11,4.2538390542978455
647,2015-06-05 12:57:54.000,2015-06-05 21:13:05,2015-06-06 16:22:06,0 days 08:15:11,4.254252266949225
648,2015-06-08 16:59:54.000,2015-06-09 02:00:05,2015-06-09 19:48:06,0 days 09:00:11,4.254252266949225
649,2015-06-19 20:59:54.000,2015-06-20 03:00:05,2015-06-21 06:08:06,0 days 06:00:11,4.2538390542978455
650,2015-07-01 10:59:54.000,2015-07-01 20:00:05,2015-07-02 12:29:06,0 days 09:00:11,4.254252266949225
651,2015-07-03 15:29:54.000,2015-07-04 00:30:05,2015-07-04 17:16:06,0 days 09:00:11,4.254252266949225
652,2015-07-05 13:59:54.000,2015-07-06 03:00:05,2015-07-07 04:04:06,0 days 13:00:11,4.254532814715238
653,2015-07-10 03:59:54.000,2015-07-10 10:00:05,2015-07-11 13:36:06,0 days 06:00:11,4.254532814715238
654,2015-07-12 08:59:54.000,2015-07-13 00:00:05,2015-07-13 17:22:06,0 days 15:00:11,4.254532814715238
655,2015-07-16 14:59:54.000,2015-07-17 06:00:05,2015-07-18 08:25:06,0 days 15:00:11,4.254532814715238
656,2015-07-21 17:59:54.000,2015-07-22 00:00:05,2015-07-22 17:54:06,0 days 06:00:11,4.254928962897232
657,2015-07-23 11:59:54.000,2015-07-24 03:00:05,2015-07-25 04:16:06,0 days 15:00:11,4.254928962897232
658,2015-07-28 14:59:54.000,2015-07-28 21:00:05,2015-07-29 14:48:06,0 days 06:00:11,4.255418743842941
659,2015-07-30 13:59:54.000,2015-07-30 23:00:05,2015-08-01 01:05:06,0 days 09:00:11,4.255418743842941
660,2015-08-03 15:59:54.000,2015-08-04 07:00:05,2015-08-05 10:42:06,0 days 15:00:11,4.255418743842941
661,2015-08-06 12:59:54.000,2015-08-06 22:00:05,2015-08-07 14:58:06,0 days 09:00:11,4.255803586152892
662,2015-08-08 08:59:54.000,2015-08-09 00:00:05,2015-08-10 01:44:06,0 days 15:00:11,4.255418743842941
663,2015-08-13 01:59:54.000,2015-08-13 17:00:05,2015-08-14 11:48:06,0 days 15:00:11,4.255803586152892
664,2015-08-15 09:59:54.000,2015-08-15 22:00:05,2015-08-16 15:35:06,0 days 12:00:11,4.255803586152892
665,2015-08-17 07:59:54.000,2015-08-18 01:00:05,2015-08-19 02:23:06,0 days 17:00:11,4.255803586152892
666,2015-08-31 05:59:54.000,2015-08-31 23:00:05,2015-09-01 13:08:06,0 days 17:00:11,4.25663236530419
667,2015-09-02 05:59:54.000,2015-09-02 18:00:05,2015-09-03 23:24:06,0 days 12:00:11,4.256234390260373
668,2015-09-04 17:59:54.000,2015-09-05 03:00:05,2015-09-06 02:40:06,0 days 09:00:11,4.25663236530419
669,2015-09-07 02:59:54.000,2015-09-07 15:00:05,2015-09-08 08:57:06,0 days 12:00:11,4.256891481619594
670,2015-09-09 07:59:54.000,2015-09-09 20:00:05,2015-09-10 13:14:06,0 days 12:00:11,4.256891481619594
671,2015-09-11 13:59:54.000,2015-09-11 23:00:05,2015-09-14 04:41:06,0 days 09:00:11,4.256891481619594
672,2015-09-15 07:06:54.000,2015-09-15 16:32:05,2015-09-16 06:58:06,0 days 09:25:11,4.257334891328688
673,2015-09-16 07:59:54.000,2015-09-16 17:00:05,2015-09-17 10:06:06,0 days 09:00:11,4.257334891328688
674,2015-09-18 08:59:54.000,2015-09-18 20:00:05,2015-09-19 13:20:06,0 days 11:00:11,4.257334891328688
675,2015-09-20 14:59:54.000,2015-09-21 00:00:05,2015-09-22 00:04:06,0 days 09:00:11,4.257334891328688
676,2015-09-23 04:59:54.000,2015-09-23 14:00:05,2015-09-24 04:49:06,0 days 09:00:11,4.257334891328688
677,2015-09-25 09:59:54.000,2015-09-25 17:00:05,2015-09-26 10:35:06,0 days 07:00:11,4.257334891328688
678,2015-09-27 13:59:54.000,2015-09-27 21:00:05,2015-09-28 20:22:06,0 days 07:00:11,4.257334891328688
679,2015-09-29 13:59:54.000,2015-09-30 02:00:05,2015-10-01 00:36:06,0 days 12:00:11,4.257676573121018
680,2015-10-03 23:59:54.000,2015-10-04 17:00:05,2015-10-05 10:34:06,0 days 17:00:11,4.257676573121018
681,2015-10-06 10:59:54.000,2015-10-06 20:00:05,2015-10-07 21:25:06,0 days 09:00:11,4.257931284085627
682,2015-10-08 18:59:54.000,2015-10-09 12:00:05,2015-10-10 00:35:06,0 days 17:00:11,4.257931284085627
683,2015-10-10 23:59:54.000,2015-10-11 15:00:05,2015-10-12 06:50:06,0 days 15:00:11,4.257931284085627
684,2015-10-12 10:36:54.000,2015-10-12 18:52:05,2015-10-13 13:58:06,0 days 08:15:11,4.258130723193825
685,2015-10-15 11:59:54.000,2015-10-15 21:00:05,2015-10-16 22:19:06,0 days 09:00:11,4.258130723193825
686,2015-10-17 21:59:54.000,2015-10-18 07:00:05,2015-10-19 01:33:06,0 days 09:00:11,4.258130723193825
687,2015-10-19 14:59:54.000,2015-10-20 08:00:05,2015-10-21 07:47:06,0 days 17:00:11,4.258130723193825
688,2015-10-22 01:59:54.000,2015-10-22 17:00:05,2015-10-23 11:03:06,0 days 15:00:11,4.258130723193825
689,2015-10-24 09:59:54.000,2015-10-25 01:00:05,2015-10-25 22:19:06,0 days 15:00:11,4.258130723193825
690,2015-10-28 20:59:54.000,2015-10-29 12:00:05,2015-10-30 08:16:06,0 days 15:00:11,4.258130723193825
691,2015-10-31 05:59:54.000,2015-10-31 18:00:05,2015-11-01 11:30:06,0 days 12:00:11,4.258130723193825
692,2015-11-07 02:59:54.000,2015-11-07 12:00:05,2015-11-08 08:14:06,0 days 09:00:11,4.258551117411874
693,2015-11-15 23:59:54.000,2015-11-16 15:00:05,2015-11-17 08:33:06,0 days 15:00:11,4.2589788501949615
694,2015-11-20 10:59:54.000,2015-11-21 02:00:05,2015-11-21 23:10:06,0 days 15:00:11,4.259280884311897
695,2015-11-25 01:14:54.000,2015-11-25 16:15:05,2015-11-26 09:07:06,0 days 15:00:11,4.259280884311897
696,2015-11-26 19:59:54.000,2015-11-27 15:00:05,2015-11-28 11:08:06,0 days 19:00:11,4.259280884311897
697,2015-11-29 01:59:54.000,2015-11-29 19:00:05,2015-12-01 00:04:06,0 days 17:00:11,4.259280884311897
698,2015-12-01 06:59:54.000,2015-12-02 02:00:05,2015-12-03 06:19:06,0 days 19:00:11,4.259670054476921
699,2015-12-03 12:59:54.000,2015-12-04 06:00:05,2015-12-05 09:04:06,0 days 17:00:11,4.259280884311897
700,2015-12-05 22:59:54.000,2015-12-06 11:00:05,2015-12-06 19:41:06,0 days 12:00:11,4.259280884311897
701,2015-12-09 03:59:54.000,2015-12-09 13:00:05,2015-12-10 01:01:06,0 days 09:00:11,4.259670054476921
702,2015-12-10 06:07:54.000,2015-12-10 21:08:05,2015-12-11 08:08:06,0 days 15:00:11,4.259670054476921
703,2015-12-15 15:59:54.000,2015-12-16 07:00:00,2015-12-16 20:13:06,0 days 15:00:06,4.259670054476921
704,2015-12-17 00:29:54.000,2015-12-17 17:30:00,2015-12-18 02:50:06,0 days 17:00:06,4.259670054476921
705,2015-12-20 02:59:54.000,2015-12-20 18:00:00,2015-12-21 05:43:06,0 days 15:00:06,4.26006564761163
706,2015-12-22 09:59:54.000,2015-12-23 03:00:00,2015-12-23 09:38:06,0 days 17:00:06,4.260306426800054
707,2015-12-24 22:59:54.000,2015-12-25 06:00:00,2015-12-25 20:39:06,0 days 07:00:06,4.260306426800054
708,2015-12-26 21:59:54.000,2015-12-27 15:00:00,2015-12-28 02:53:06,0 days 17:00:06,4.260306426800054
709,2015-12-29 09:59:54.000,2015-12-29 14:00:00,2015-12-30 06:08:06,0 days 04:00:06,4.260306426800054
710,2015-12-31 06:29:54.000,2015-12-31 18:30:00,2016-01-01 18:53:06,0 days 12:00:06,4.260306426800054
711,2016-01-02 14:59:54.000,2016-01-02 19:00:00,2016-01-03 21:37:06,0 days 04:00:06,4.260306426800054
712,2016-01-04 04:59:54.000,2016-01-04 22:30:00,2016-01-06 03:51:06,0 days 17:30:06,4.260732394334192
713,2016-01-06 11:59:54.000,2016-01-07 05:30:00,2016-01-08 06:35:06,0 days 17:30:06,4.260306426800054
714,2016-01-08 14:59:54.000,2016-01-09 08:30:00,2016-01-09 22:11:06,0 days 17:30:06,4.260306426800054
715,2016-01-10 20:59:54.000,2016-01-11 14:30:00,2016-01-12 05:25:06,0 days 17:30:06,4.260732394334192
716,2016-01-13 03:29:54.000,2016-01-13 21:00:00,2016-01-14 13:41:06,0 days 17:30:06,4.260732394334192
717,2016-01-15 10:29:54.000,2016-01-16 04:00:00,2016-01-16 20:27:06,0 days 17:30:06,4.260732394334192
718,2016-01-17 15:59:54.000,2016-01-18 09:30:00,2016-01-19 03:11:06,0 days 17:30:06,4.2611209219474855
719,2016-01-19 21:59:54.000,2016-01-20 15:30:00,2016-01-21 09:25:06,0 days 17:30:06,4.260732394334192
720,2016-01-22 03:59:54.000,2016-01-22 21:30:00,2016-01-23 14:39:06,0 days 17:30:06,4.2611209219474855
721,2016-01-24 10:29:54.000,2016-01-25 04:00:00,2016-01-25 21:54:06,0 days 17:30:06,4.2611209219474855
722,2016-01-29 23:59:54.000,2016-01-30 13:00:00,2016-01-31 00:33:06,0 days 13:00:06,4.261400560430992
723,2016-01-31 07:59:54.000,2016-01-31 16:00:00,2016-02-01 13:40:06,0 days 08:00:06,4.261400560430992
724,2016-02-02 10:59:54.000,2016-02-02 23:00:00,2016-02-03 19:54:06,0 days 12:00:06,4.261400560430992
725,2016-02-04 17:14:54.000,2016-02-05 10:15:00,2016-02-06 02:08:06,0 days 17:00:06,4.261762873951047
726,2016-02-07 00:59:54.000,2016-02-07 12:00:00,2016-02-08 02:22:06,0 days 11:00:06,4.261400560430992
727,2016-02-09 05:44:54.000,2016-02-09 16:45:00,2016-02-10 10:39:06,0 days 11:00:06,4.261400560430992
728,2016-02-11 11:35:54.000,2016-02-11 19:51:00,2016-02-12 14:55:06,0 days 08:15:06,4.2617740742645385
729,2016-02-13 20:35:47.642,2016-02-14 18:19:44,2016-02-14 18:20:26,0 days 21:43:56.358000,4.2617740742645385
730,2016-02-14 18:26:56.000,2016-02-15 07:51:28,2016-02-15 07:52:10,0 days 13:24:32,4.2617740742645385
731,2016-02-15 07:58:40.000,2016-02-15 21:24:24,2016-02-15 21:25:06,0 days 13:25:44,4.2617740742645385
732,2016-02-16 15:31:22.618,2016-02-17 00:41:39,2016-02-17 00:42:21,0 days 09:10:16.382000,4.2617740742645385
733,2016-02-17 00:48:51.000,2016-02-17 13:19:55,2016-02-17 13:20:37,0 days 12:31:04,4.2617740742645385
734,2016-02-17 13:27:07.000,2016-02-18 01:59:24,2016-02-18 02:00:06,0 days 12:32:17,4.2617740742645385
735,2016-02-18 17:13:30.372,2016-02-19 07:01:10,2016-02-19 07:01:52,0 days 13:47:39.628000,4.2617740742645385
736,2016-02-19 07:08:22.000,2016-02-20 04:54:24,2016-02-20 04:55:06,0 days 21:46:02,4.2617740742645385
737,2016-02-20 19:22:53.873,2016-02-21 13:19:58,2016-02-21 13:20:40,0 days 17:57:04.127000,4.2617740742645385
738,2016-02-21 13:27:10.000,2016-02-22 07:59:24,2016-02-22 08:00:06,0 days 18:32:14,4.2617740742645385
739,2016-02-22 21:42:22.114,2016-02-23 19:38:13,2016-02-23 19:38:55,0 days 21:55:50.886000,4.2617740742645385
740,2016-02-23 19:45:25.000,2016-02-24 08:48:12,2016-02-24 08:48:54,0 days 13:02:47,4.2617740742645385
741,2016-02-24 08:55:24.000,2016-02-24 21:59:24,2016-02-24 22:00:06,0 days 13:04:00,4.2617740742645385
742,2016-02-25 15:06:39.061,2016-02-26 01:55:43,2016-02-26 01:56:25,0 days 10:49:03.939000,4.26228602169802
743,2016-02-26 02:02:55.000,2016-02-26 14:04:27,2016-02-26 14:05:09,0 days 12:01:32,4.2617740742645385
744,2016-02-26 14:11:39.000,2016-02-27 02:14:24,2016-02-27 02:15:06,0 days 12:02:45,4.2617740742645385
745,2016-02-27 17:09:18.589,2016-02-28 08:11:45,2016-02-28 08:12:27,0 days 15:02:26.411000,4.2617740742645385
746,2016-02-28 08:18:57.000,2016-02-29 06:49:24,2016-02-29 06:50:06,0 days 22:30:27,4.2617740742645385
747,2016-02-29 19:41:26.738,2016-03-01 14:26:11,2016-03-01 14:26:53,0 days 18:44:44.262000,4.26228602169802
748,2016-03-01 14:33:23.000,2016-03-02 08:44:24,2016-03-02 08:45:06,0 days 18:11:01,4.26228602169802
749,2016-03-02 22:20:13.614,2016-03-03 20:38:46,2016-03-03 20:39:28,0 days 22:18:32.386000,4.262399568986155
750,2016-03-03 20:45:58.000,2016-03-04 09:55:59,2016-03-04 09:56:41,0 days 13:10:01,4.262399568986155
751,2016-03-04 10:03:11.000,2016-03-04 23:14:24,2016-03-04 23:15:06,0 days 13:11:13,4.262399568986155
752,2016-03-07 08:59:54.000,2016-03-07 20:00:00,2016-03-08 12:20:06,0 days 11:00:06,4.262708145374546
753,2016-03-09 16:59:54.000,2016-03-10 04:00:00,2016-03-10 18:42:06,0 days 11:00:06,4.262708145374546
754,2016-03-11 22:59:54.000,2016-03-12 10:00:00,2016-03-13 01:00:06,0 days 11:00:06,4.262764172376521
755,2016-03-14 04:59:54.000,2016-03-14 18:00:00,2016-03-15 07:18:06,0 days 13:00:06,4.262764172376521
756,2016-03-16 10:59:54.000,2016-03-17 00:00:00,2016-03-17 13:36:06,0 days 13:00:06,4.262764172376521
757,2016-03-18 22:59:54.000,2016-03-19 15:00:00,2016-03-19 19:55:06,0 days 16:00:06,4.262764172376521
758,2016-04-12 14:04:54.000,2016-04-12 22:20:00,2016-04-13 17:21:06,0 days 08:15:06,4.2641162324173605
759,2016-04-15 19:59:54.000,2016-04-16 01:00:00,2016-04-16 02:39:06,0 days 05:00:06,4.2641162324173605
760,2016-04-21 15:13:54.000,2016-04-21 23:29:00,2016-04-22 18:31:06,0 days 08:15:06,4.264456881969855
761,2016-06-03 14:13:54.000,2016-06-03 22:25:00,2016-06-11 06:20:06,0 days 08:11:06,4.265315414743276
762,2016-06-05 11:59:54.000,2016-06-06 00:00:00,2016-06-11 06:20:06,0 days 12:00:06,4.265315414743276
763,2016-06-07 14:29:54.000,2016-06-08 05:30:00,2016-06-11 06:20:06,0 days 15:00:06,4.265315414743276
764,2016-06-09 20:29:54.000,2016-06-10 08:30:00,2016-06-11 06:20:06,0 days 12:00:06,4.265315414743276
765,2016-06-11 07:29:54.000,2016-06-11 19:30:00,2016-06-12 11:54:06,0 days 12:00:06,4.265315414743276
766,2016-06-12 15:45:54.000,2016-06-13 00:01:00,2016-06-29 06:19:06,0 days 08:15:06,4.265463692159779
767,2016-06-14 05:59:54.000,2016-06-14 21:00:00,2016-06-29 06:19:06,0 days 15:00:06,4.265463692159779
768,2016-06-16 11:59:54.000,2016-06-17 05:00:00,2016-06-29 06:19:06,0 days 17:00:06,4.265463692159779
769,2016-06-18 16:29:54.000,2016-06-19 09:30:00,2016-06-29 06:19:06,0 days 17:00:06,4.265463692159779
770,2016-06-20 23:29:54.000,2016-06-21 16:30:00,2016-06-29 06:19:06,0 days 17:00:06,4.265463692159779
771,2016-06-23 05:29:54.000,2016-06-23 22:30:00,2016-06-29 06:19:06,0 days 17:00:06,4.265463692159779
772,2016-06-25 10:59:54.000,2016-06-26 04:00:00,2016-06-29 06:19:06,0 days 17:00:06,4.265463692159779
773,2016-06-27 21:29:54.000,2016-06-28 14:30:00,2016-06-29 06:19:06,0 days 17:00:06,4.2659134390706335
774,2016-06-29 06:44:54.000,2016-06-29 18:45:00,2016-06-30 14:29:06,0 days 12:00:06,4.2659134390706335
775,2016-07-01 07:59:54.000,2016-07-01 20:00:00,2016-07-01 21:37:06,0 days 12:00:06,4.2659134390706335
776,2016-07-08 00:59:54.000,2016-07-08 13:00:00,2016-07-08 17:32:06,0 days 12:00:06,4.266220704395701
777,2016-07-10 08:59:54.000,2016-07-10 21:00:00,2016-07-10 23:57:06,0 days 12:00:06,4.266220704395701
778,2016-07-17 01:59:54.000,2016-07-17 14:00:00,2016-07-17 19:06:06,0 days 12:00:06,4.266220704395701
779,2016-07-23 22:59:54.000,2016-07-24 11:00:00,2016-07-24 14:18:06,0 days 12:00:06,4.266220704395701
780,2016-07-30 13:59:54.000,2016-07-31 02:00:00,2016-07-31 07:58:06,0 days 12:00:06,4.266799866676727
781,2016-08-01 12:20:54.000,2016-08-01 20:36:00,2016-08-02 15:47:06,0 days 08:15:06,4.267909178323631
782,2016-08-06 15:59:54.000,2016-08-07 01:00:00,2016-08-07 04:19:06,0 days 09:00:06,4.267909178323631
783,2016-08-10 13:24:54.000,2016-08-10 21:40:00,2016-08-11 16:51:06,0 days 08:15:06,4.268301445090365
784,2016-08-15 16:59:54.000,2016-08-16 00:00:00,2016-08-16 05:19:06,0 days 07:00:06,4.268301445090365
785,2016-08-19 14:26:54.000,2016-08-19 22:42:00,2016-08-20 17:53:06,0 days 08:15:06,4.2685203807264065
786,2016-09-05 01:59:54.000,2016-09-05 07:00:00,2016-09-05 13:44:06,0 days 05:00:06,4.2685203807264065
787,2016-09-07 08:59:54.000,2016-09-07 18:00:00,2016-09-07 19:59:06,0 days 09:00:06,4.2685203807264065
788,2016-09-18 16:59:54.000,2016-09-19 00:00:00,2016-09-19 03:19:06,0 days 07:00:06,4.2688243771500645
789,2016-09-20 19:59:54.000,2016-09-21 03:00:00,2016-09-21 09:34:06,0 days 07:00:06,4.269514527734766
790,2016-09-29 05:00:54.000,2016-09-29 15:26:00,2016-09-30 10:36:06,0 days 10:25:06,4.2698888576396286
791,2016-10-02 04:59:54.000,2016-10-02 14:00:00,2016-10-02 16:53:06,0 days 09:00:06,4.2698888576396286
792,2016-10-04 11:59:54.000,2016-10-04 21:00:00,2016-10-04 23:09:06,0 days 09:00:06,4.269514527734766
793,2016-10-06 23:59:54.000,2016-10-07 05:00:00,2016-10-07 05:23:06,0 days 05:00:06,4.269514527734766
794,2016-10-11 05:59:54.000,2016-10-11 15:00:00,2016-10-11 17:54:06,0 days 09:00:06,4.2698888576396286
795,2016-10-12 18:36:54.000,2016-10-13 05:02:00,2016-10-14 00:12:06,0 days 10:25:06,4.270314312214636
796,2016-10-15 17:59:54.000,2016-10-16 03:00:00,2016-10-16 06:29:06,0 days 09:00:06,4.270314312214636
797,2016-10-27 07:59:54.000,2016-10-27 12:00:00,2016-10-27 13:46:06,0 days 04:00:06,4.270314312214636
798,2016-11-11 04:00:54.000,2016-11-11 14:26:00,2016-11-12 09:35:06,0 days 10:25:06,4.271069398898235
799,2016-11-16 15:59:54.000,2016-11-16 20:00:00,2016-11-16 22:06:06,0 days 04:00:06,4.271069398898235
800,2016-11-20 22:59:54.000,2016-11-21 08:00:00,2016-11-21 10:39:06,0 days 09:00:06,4.271069398898235
801,2016-11-22 11:20:54.000,2016-11-22 21:46:00,2016-11-23 16:56:06,0 days 10:25:06,4.271485053682245
802,2016-11-25 16:59:54.000,2016-11-25 21:00:05,2016-11-25 23:13:06,0 days 04:00:11,4.271485053682245
803,2016-11-29 04:44:54.000,2016-11-29 07:00:00,2016-11-30 11:44:06,0 days 02:15:06,4.271069398898235
804,2016-11-29 19:59:54.000,2016-11-30 05:00:00,2016-11-30 11:44:06,0 days 09:00:06,4.271069398898235
805,2016-12-01 18:59:54.000,2016-12-02 09:00:00,2016-12-02 17:59:06,0 days 14:00:06,4.271069398898235
806,2016-12-04 21:59:54.000,2016-12-05 10:00:00,2016-12-05 23:24:06,0 days 12:00:06,4.271485053682245
807,2016-12-06 00:57:54.000,2016-12-06 11:23:00,2016-12-07 06:33:06,0 days 10:25:06,4.2717757864499415
808,2016-12-07 10:59:54.000,2016-12-07 18:00:00,2016-12-08 04:12:06,0 days 07:00:06,4.2717757864499415
809,2016-12-09 09:59:54.000,2016-12-09 19:00:00,2016-12-10 14:59:06,0 days 09:00:06,4.271485053682245
810,2016-12-11 17:59:54.000,2016-12-11 22:00:00,2016-12-12 18:14:06,0 days 04:00:06,4.271485053682245
811,2016-12-18 09:59:54.000,2016-12-18 17:00:00,2016-12-19 15:02:06,0 days 07:00:06,4.2717757864499415
812,2016-12-27 09:59:54.000,2016-12-28 01:00:00,2016-12-28 15:37:06,0 days 15:00:06,4.272196445845852
813,2016-12-29 17:59:54.000,2016-12-30 02:00:00,2016-12-30 20:23:06,0 days 08:00:06,4.272481190757598
814,2017-01-02 22:59:54.000,2017-01-03 06:00:00,2017-01-03 09:49:06,0 days 07:00:06,4.272481190757598
815,2017-01-07 11:59:54.000,2017-01-07 21:00:00,2017-01-07 22:23:06,0 days 09:00:06,4.272713638886479
816,2017-01-12 09:59:54.000,2017-01-12 19:00:00,2017-01-13 12:45:06,0 days 09:00:06,4.272713638886479
817,2017-01-17 00:59:54.000,2017-01-17 05:00:00,2017-01-17 22:38:06,0 days 04:00:06,4.272713638886479
818,2017-01-21 11:59:54.000,2017-01-21 19:00:00,2017-01-22 13:12:06,0 days 07:00:06,4.272713638886479
819,2017-01-23 19:59:54.000,2017-01-24 00:00:00,2017-01-24 17:28:06,0 days 04:00:06,4.272713638886479
820,2017-02-04 02:59:54.000,2017-02-04 10:00:00,2017-02-04 23:25:06,0 days 07:00:06,4.273144221537459
821,2017-02-06 08:59:54.000,2017-02-06 18:00:00,2017-02-07 10:11:06,0 days 09:00:06,4.273144221537459
822,2017-02-08 15:59:54.000,2017-02-08 20:00:00,2017-02-09 14:28:06,0 days 04:00:06,4.273627246823912
823,2017-02-16 19:31:11.366,2017-02-17 12:21:02,2017-02-17 12:21:44,0 days 16:49:50.634000,4.273627246823912
824,2017-02-17 12:28:14.000,2017-02-18 04:50:24,2017-02-18 04:51:06,0 days 16:22:10,4.273627246823912
825,2017-02-18 20:27:16.066,2017-02-19 18:44:09,2017-02-19 18:44:51,0 days 22:16:52.934000,4.273627246823912
826,2017-02-19 18:51:21.000,2017-02-20 07:14:24,2017-02-20 07:15:06,0 days 12:23:03,4.273627246823912
827,2017-02-21 02:44:36.721,2017-02-22 01:02:39,2017-02-22 01:03:21,0 days 22:18:02.279000,4.273942017708081
828,2017-02-22 01:09:51.000,2017-02-22 13:06:55,2017-02-22 13:07:37,0 days 11:57:04,4.273942017708081
829,2017-02-22 13:14:07.000,2017-02-23 01:12:24,2017-02-23 01:13:06,0 days 11:58:17,4.273942017708081
830,2017-02-23 18:48:30.215,2017-02-24 07:19:24,2017-02-24 07:20:06,0 days 12:30:53.785000,4.274376197537731
831,2017-02-24 07:26:36.000,2017-02-25 02:58:24,2017-02-25 02:59:06,0 days 19:31:48,4.274376197537731
832,2017-02-25 21:24:30.086,2017-02-26 13:35:55,2017-02-26 13:36:37,0 days 16:11:24.914000,4.273942017708081
833,2017-02-26 13:43:07.000,2017-02-27 05:17:24,2017-02-27 05:18:06,0 days 15:34:17,4.273942017708081
834,2017-02-27 22:27:12.868,2017-02-28 19:52:20,2017-02-28 19:53:02,0 days 21:25:07.132000,4.273942017708081
835,2017-02-28 19:59:32.000,2017-03-01 06:33:24,2017-03-01 06:34:06,0 days 10:33:52,4.273942017708081
836,2017-03-02 04:35:02.209,2017-03-03 02:06:29,2017-03-03 02:07:11,0 days 21:31:26.791000,4.273942017708081
837,2017-03-03 02:13:41.000,2017-03-04 00:25:24,2017-03-04 00:26:06,0 days 22:11:43,4.273942017708081
838,2017-03-04 17:25:20.233,2017-03-05 08:17:41,2017-03-05 08:18:23,0 days 14:52:20.767000,4.274376197537731
839,2017-03-05 08:24:53.000,2017-03-06 03:04:24,2017-03-06 03:05:06,0 days 18:39:31,4.274376197537731
840,2017-03-09 17:59:54.000,2017-03-10 09:00:00,2017-03-10 21:16:06,0 days 15:00:06,4.2748451864815715
841,2017-03-11 22:59:54.000,2017-03-12 06:00:00,2017-03-13 08:04:06,0 days 07:00:06,4.274376197537731
842,2017-03-14 04:59:54.000,2017-03-14 14:00:00,2017-03-15 12:52:06,0 days 09:00:06,4.274376197537731
843,2017-03-18 18:59:54.000,2017-03-19 00:00:00,2017-03-19 21:55:06,0 days 05:00:06,4.2748451864815715
844,2017-03-23 06:59:54.000,2017-03-23 12:00:00,2017-03-24 12:59:06,0 days 05:00:06,4.2748451864815715
845,2017-03-27 19:59:54.000,2017-03-28 01:00:00,2017-03-28 22:37:06,0 days 05:00:06,4.2748451864815715
846,2017-03-30 01:59:54.000,2017-03-30 11:00:00,2017-03-31 09:23:06,0 days 09:00:06,4.275271020118143
847,2017-04-05 20:59:54.000,2017-04-06 12:00:00,2017-04-07 05:31:06,0 days 15:00:06,4.275678657094848
848,2017-04-10 07:59:54.000,2017-04-10 23:00:00,2017-04-11 15:19:06,0 days 15:00:06,4.275678657094848
849,2017-04-12 14:59:54.000,2017-04-13 06:00:00,2017-04-13 19:35:06,0 days 15:00:06,4.275678657094848
850,2017-04-14 20:29:54.000,2017-04-15 11:30:00,2017-04-16 06:21:06,0 days 15:00:06,4.275678657094848
851,2017-04-17 09:59:54.000,2017-04-17 14:00:00,2017-04-18 10:07:06,0 days 04:00:06,4.275678657094848
852,2017-04-19 08:29:54.000,2017-04-19 23:30:00,2017-04-20 15:54:06,0 days 15:00:06,4.275678657094848
853,2017-04-23 23:29:54.000,2017-04-24 08:30:00,2017-04-25 07:01:06,0 days 09:00:06,4.276116542135463
854,2017-04-26 00:59:54.000,2017-04-26 16:00:00,2017-04-27 11:17:06,0 days 15:00:06,4.276116542135463
855,2017-04-30 10:59:54.000,2017-05-01 02:00:00,2017-05-01 20:36:06,0 days 15:00:06,4.276116542135463
856,2017-05-09 12:29:54.000,2017-05-10 03:30:00,2017-05-11 03:32:06,0 days 15:00:06,4.27642497429334
857,2017-05-11 19:29:54.000,2017-05-12 12:30:00,2017-05-13 08:11:06,0 days 17:00:06,4.27642497429334
858,2017-05-16 07:59:54.000,2017-05-17 01:00:00,2017-05-17 17:13:06,0 days 17:00:06,4.276859658770752
859,2017-05-18 15:59:54.000,2017-05-18 23:00:00,2017-05-20 04:31:06,0 days 07:00:06,4.276859658770752
860,2017-05-23 01:29:54.000,2017-05-23 18:30:00,2017-05-24 14:04:06,0 days 17:00:06,4.276859658770752
861,2017-05-29 04:19:54.000,2017-05-29 14:45:00,2017-05-29 19:45:06,0 days 10:25:06,4.277412439228662
862,2017-05-29 20:59:54.000,2017-05-30 14:00:00,2017-05-31 09:26:06,0 days 17:00:06,4.277412439228662
863,2017-06-01 11:59:54.000,2017-06-01 23:00:00,2017-06-02 14:48:06,0 days 11:00:06,4.27717917467123
864,2017-06-05 16:59:54.000,2017-06-06 08:00:00,2017-06-07 05:30:06,0 days 15:00:06,4.277412439228662
865,2017-06-10 12:59:54.000,2017-06-10 22:00:00,2017-06-11 14:39:06,0 days 09:00:06,4.2776149273931905
866,2017-06-11 18:23:54.000,2017-06-12 04:49:00,2017-06-12 08:19:06,0 days 10:25:06,4.2778027950022715
867,2017-06-12 09:14:54.000,2017-06-13 02:15:00,2017-06-14 02:00:06,0 days 17:00:06,4.2778027950022715
868,2017-06-14 18:59:54.000,2017-06-15 04:00:00,2017-06-16 05:52:06,0 days 09:00:06,4.2778027950022715
869,2017-06-16 19:59:54.000,2017-06-17 11:00:00,2017-06-18 11:45:06,0 days 15:00:06,4.2778027950022715
870,2017-06-24 06:29:54.000,2017-06-24 23:30:00,2017-06-25 07:15:06,0 days 17:00:06,4.2781227568821985
871,2017-06-26 07:29:54.000,2017-06-26 14:30:00,2017-06-27 12:07:06,0 days 07:00:06,4.2778027950022715
872,2017-06-30 09:59:54.000,2017-07-01 01:00:00,2017-07-02 03:50:06,0 days 15:00:06,4.2778027950022715
873,2017-07-05 06:59:54.000,2017-07-05 11:00:00,2017-07-06 12:01:06,0 days 04:00:06,4.278507140436221
874,2017-07-07 04:59:54.000,2017-07-07 20:00:00,2017-07-08 16:03:06,0 days 15:00:06,4.2781227568821985
875,2017-07-09 15:59:54.000,2017-07-09 23:00:00,2017-07-11 03:42:06,0 days 07:00:06,4.2781227568821985
876,2017-07-14 04:59:54.000,2017-07-14 20:00:00,2017-07-15 12:28:06,0 days 15:00:06,4.278507140436221
877,2017-07-16 04:59:54.000,2017-07-16 12:00:00,2017-07-17 16:49:06,0 days 07:00:06,4.278507140436221
878,2017-07-20 19:59:54.000,2017-07-21 03:00:00,2017-07-22 11:29:06,0 days 07:00:06,4.278507140436221
879,2017-07-22 12:44:54.000,2017-07-22 23:10:00,2017-07-23 10:37:06,0 days 10:25:06,4.2803769613846505
880,2017-07-27 14:59:54.000,2017-07-28 00:00:00,2017-07-29 06:17:06,0 days 09:00:06,4.2803769613846505
881,2017-07-29 19:59:54.000,2017-07-30 08:00:00,2017-07-31 09:32:06,0 days 12:00:06,4.2803769613846505
882,2017-07-31 13:47:54.000,2017-08-01 00:13:00,2017-08-02 13:22:06,0 days 10:25:06,4.280656995235629
883,2017-08-03 11:59:54.000,2017-08-03 19:00:00,2017-08-05 01:00:06,0 days 07:00:06,4.280656995235629
884,2017-08-05 20:59:54.000,2017-08-06 01:00:00,2017-08-07 07:15:06,0 days 04:00:06,4.280656995235629
885,2017-08-07 18:59:54.000,2017-08-08 04:00:00,2017-08-09 10:20:06,0 days 09:00:06,4.2803769613846505
886,2017-08-10 03:59:54.000,2017-08-10 13:00:00,2017-08-11 14:19:06,0 days 09:00:06,4.280823444928455
887,2017-08-11 21:05:54.000,2017-08-12 07:31:00,2017-08-14 02:04:06,0 days 10:25:06,4.281052219846873
888,2017-08-12 14:59:54.000,2017-08-12 22:00:00,2017-08-14 02:04:06,0 days 07:00:06,4.281052219846873
889,2017-08-14 15:59:54.000,2017-08-15 01:00:00,2017-08-16 07:18:06,0 days 09:00:06,4.281052219846873
890,2017-08-21 12:59:54.000,2017-08-21 22:00:00,2017-08-22 03:57:06,0 days 09:00:06,4.281052219846873
891,2017-09-06 10:59:54.000,2017-09-06 20:00:00,2017-09-08 00:13:06,0 days 09:00:06,4.281431630817289
892,2017-09-13 02:59:54.000,2017-09-13 15:00:00,2017-09-14 20:21:06,0 days 12:00:06,4.281975814972399
893,2017-09-19 22:59:54.000,2017-09-20 11:00:00,2017-09-21 08:52:06,0 days 12:00:06,4.282291511284909
894,2017-09-26 10:59:54.000,2017-09-26 23:00:00,2017-09-28 05:42:06,0 days 12:00:06,4.282520443146651
895,2017-10-07 09:22:54.000,2017-10-07 19:48:00,2017-10-08 15:23:06,0 days 10:25:06,4.282949947448204
896,2017-10-18 16:42:54.000,2017-10-19 03:08:00,2017-10-19 22:45:06,0 days 10:25:06,4.283306455585325
897,2018-02-20 09:31:37.349,2018-02-21 03:53:31,2018-02-21 03:54:13,0 days 18:21:53.651000,4.287384834590907
898,2018-02-21 04:00:43.000,2018-02-22 01:06:24,2018-02-22 01:07:06,0 days 21:05:41,4.287384834590907
899,2018-02-22 18:19:07.754,2018-02-23 10:14:50,2018-02-23 10:15:32,0 days 15:55:42.246000,4.28702243999026
900,2018-02-23 10:22:02.000,2018-02-24 03:46:24,2018-02-24 03:47:06,0 days 17:24:22,4.28702243999026
901,2018-02-24 20:23:11.199,2018-02-25 16:32:01,2018-02-25 16:32:43,0 days 20:08:49.801000,4.28702243999026
902,2018-02-25 16:39:13.000,2018-02-26 10:29:24,2018-02-26 10:30:06,0 days 17:50:11,4.28702243999026
903,2018-02-27 00:29:51.687,2018-02-27 22:47:59,2018-02-27 22:48:41,0 days 22:18:07.313000,4.28702243999026
904,2018-02-27 22:55:11.000,2018-02-28 10:31:35,2018-02-28 10:32:17,0 days 11:36:24,4.28702243999026
905,2018-02-28 10:38:47.000,2018-02-28 22:16:24,2018-02-28 22:17:06,0 days 11:37:37,4.287384834590907
906,2018-03-01 15:49:20.394,2018-03-02 05:03:25,2018-03-02 05:04:07,0 days 13:14:04.606000,4.287384834590907
907,2018-03-08 23:47:19.000,2018-03-09 11:42:44,2018-03-09 11:43:21,0 days 11:55:25,4.287384834590907
908,2018-03-09 11:49:51.000,2018-03-09 23:46:24,2018-03-09 23:47:06,0 days 11:56:33,4.287384834590907
909,2018-05-28 06:47:54.000,2018-05-28 17:13:00,2018-05-29 13:31:06,0 days 10:25:06,4.290784460523603
910,2018-06-08 14:33:54.000,2018-06-09 00:59:00,2018-06-09 20:51:06,0 days 10:25:06,4.291239870081283
911,2019-02-19 12:26:54.000,2019-02-19 22:48:00,2019-02-20 11:10:06,0 days 10:21:06,4.299878084123388
912,2019-02-22 21:22:43.000,2019-02-23 05:29:29,2019-02-23 05:30:06,0 days 08:06:46,4.299878084123388
913,2019-02-25 03:48:25.000,2019-02-25 20:31:29,2019-02-25 20:32:06,0 days 16:43:04,4.299878084123388
914,2019-02-27 10:06:42.000,2019-02-27 23:30:29,2019-02-27 23:31:06,0 days 13:23:47,4.299878084123388
915,2019-03-01 16:22:22.000,2019-03-02 06:29:29,2019-03-02 06:30:06,0 days 14:07:07,4.299878084123388
916,2019-03-03 22:36:57.000,2019-03-04 07:59:29,2019-03-04 08:00:06,0 days 09:22:32,4.299878084123388
917,2019-03-06 04:51:19.000,2019-03-06 10:59:29,2019-03-06 11:00:06,0 days 06:08:10,4.299878084123388
918,2019-03-08 11:05:07.000,2019-03-08 23:41:29,2019-03-08 23:42:06,0 days 12:36:22,4.299878084123388
919,2019-03-10 17:16:34.000,2019-03-11 05:49:29,2019-03-11 05:50:06,0 days 12:32:55,4.299878084123388
920,2019-03-12 23:25:03.000,2019-03-13 18:54:29,2019-03-13 18:55:06,0 days 19:29:26,4.299878084123388
921,2019-03-18 15:42:54.000,2019-03-18 21:04:00,2019-03-19 14:41:06,0 days 05:21:06,4.300322481182864
922,2019-08-05 19:29:54.000,2019-08-06 00:51:00,2019-08-06 02:31:06,0 days 05:21:06,4.30483482456399
923,2019-08-14 20:35:54.000,2019-08-15 01:57:00,2019-08-15 03:38:06,0 days 05:21:06,4.305228039318787
924,2019-09-15 12:40:54.000,2019-09-15 18:02:00,2019-09-15 19:46:06,0 days 05:21:06,4.305986253856549
925,2019-09-17 10:44:54.000,2019-09-17 16:06:00,2019-09-17 19:36:06,0 days 05:21:06,4.307553273126661
926,2019-09-26 19:36:54.000,2019-09-27 00:58:00,2019-09-27 02:50:06,0 days 05:21:06,4.307634916740955
927,2019-12-10 07:25:54.000,2019-12-10 12:47:00,2019-12-10 14:26:06,0 days 05:21:06,4.309987829312702
928,2019-12-19 07:53:54.000,2019-12-19 13:15:00,2019-12-19 15:02:06,0 days 05:21:06,4.310489439552319
929,2020-01-08 15:04:54.000,2020-01-08 20:26:00,2020-01-08 22:30:06,0 days 05:21:06,4.311166798612321
930,2020-01-19 22:24:54.000,2020-01-20 03:46:00,2020-01-20 05:56:06,0 days 05:21:06,4.311597730806114
931,2020-01-31 05:57:54.000,2020-01-31 11:19:00,2020-01-31 13:18:06,0 days 05:21:06,4.311988463418599
932,2020-05-03 00:32:54.000,2020-05-03 05:54:00,2020-05-03 08:26:06,0 days 05:21:06,4.315073428885361
933,2020-05-09 19:22:54.000,2020-05-10 00:44:00,2020-05-10 03:45:06,0 days 05:21:06,4.315326363457931
934,2020-05-18 20:24:54.000,2020-05-19 01:46:00,2020-05-19 04:53:06,0 days 05:21:06,4.315534319610341
935,2020-09-22 12:05:54.000,2020-09-22 17:27:00,2020-09-22 19:25:06,0 days 05:21:06,4.3194277276592175
936,2020-11-13 12:35:54.000,2020-11-13 17:57:00,2020-11-13 19:25:06,0 days 05:21:06,4.321096970961436
937,2021-03-29 05:24:54.000,2021-03-29 10:46:00,2021-03-29 12:18:06,0 days 05:21:06,4.325713229004339
938,2021-04-09 12:29:54.000,2021-04-09 17:51:00,2021-04-09 19:43:06,0 days 05:21:06,4.326499579175808
939,2021-05-24 16:48:54.000,2021-05-24 22:10:00,2021-05-25 02:00:06,0 days 05:21:06,4.327825262035394
940,2021-06-02 17:51:54.000,2021-06-02 23:13:00,2021-06-03 02:49:06,0 days 05:21:06,4.32813370586061
941,2021-06-11 18:59:54.000,2021-06-12 00:21:00,2021-06-12 02:23:06,0 days 05:21:06,4.328475917658537
942,2022-02-10 09:44:54.000,2022-02-10 15:06:00,2022-02-11 08:34:06,0 days 05:21:06,4.336430387825038
943,2022-02-17 19:56:54.000,2022-02-18 01:18:00,2022-02-18 03:26:06,0 days 05:21:06,4.336599949521976
944,2022-06-26 17:49:54.000,2022-06-26 23:11:00,2022-06-27 01:46:06,0 days 05:21:06,4.340639183716758
945,2023-02-23 17:32:54.000,2023-02-23 22:54:00,2023-02-24 01:03:06,0 days 05:21:06,4.348675654316234
946,2023-04-19 00:40:54.000,2023-04-19 06:02:00,2023-04-19 07:51:06,0 days 05:21:06,4.3507130057241605
